Index,UTC,Lat,Lon,Alt (HAE),PDOP,HDOP,Fix type (GPS),Fix type (GPS) valid,PACC H,PACC V,PACC 3D,EDOP,NDOP,VDOP,GDOP,DGPS,SVs Used,Carrier Range Status
0,15:30:22.000 ??/??/????,42.09785400,-87.82843717,,,,2/3D,Yes,,,,,,,,Yes,29,2
1,15:30:23.000 08/16/2024,42.09785417,-87.82843700,161.800,1.3,0.8,3D,Yes,0.045,0.092,0.102,,,1.0,,Yes,28,2
2,15:30:24.000 08/16/2024,42.09785400,-87.82843683,161.800,1.3,0.8,3D,Yes,0.043,0.075,0.086,,,1.0,,Yes,28,1
3,15:30:25.000 08/16/2024,42.09785400,-87.82843667,161.900,1.3,0.8,3D,Yes,0.042,0.072,0.083,,,1.0,,Yes,29,1
4,15:30:26.000 08/16/2024,42.09785400,-87.82843667,162.000,1.3,0.8,3D,Yes,0.035,0.054,0.064,,,1.0,,Yes,29,2
5,15:30:27.000 08/16/2024,42.09785400,-87.82843667,162.000,1.3,0.8,3D,Yes,0.042,0.074,0.085,,,1.0,,Yes,29,1
6,15:30:28.000 08/16/2024,42.09785417,-87.82843667,162.000,1.3,0.8,3D,Yes,0.033,0.064,0.072,,,1.0,,Yes,29,1
7,15:30:29.000 08/16/2024,42.09785400,-87.82843650,162.000,1.3,0.8,3D,Yes,0.032,0.051,0.060,,,1.0,,Yes,30,1
8,15:30:30.000 08/16/2024,42.09785417,-87.82843667,161.900,1.3,0.8,3D,Yes,0.037,0.064,0.074,,,1.0,,Yes,30,1
9,15:30:31.000 08/16/2024,42.09785417,-87.82843650,161.900,1.3,0.8,3D,Yes,0.034,0.057,0.066,,,1.0,,Yes,29,1
10,15:30:32.000 08/16/2024,42.09785417,-87.82843650,162.000,1.3,0.8,3D,Yes,0.033,0.061,0.069,,,1.0,,Yes,29,1
11,15:30:33.000 08/16/2024,42.09785417,-87.82843650,161.900,1.3,0.8,3D,Yes,0.034,0.069,0.077,,,1.0,,Yes,30,1
12,15:30:34.000 08/16/2024,42.09785417,-87.82843650,161.900,1.3,0.8,3D,Yes,0.033,0.058,0.067,,,1.0,,Yes,30,1
13,15:30:35.000 08/16/2024,42.09785417,-87.82843650,161.900,1.3,0.8,3D,Yes,0.032,0.060,0.068,,,1.0,,Yes,29,1
14,15:30:36.000 08/16/2024,42.09785400,-87.82843650,162.000,1.3,0.8,3D,Yes,0.031,0.052,0.061,,,1.0,,Yes,30,1
15,15:30:37.000 08/16/2024,42.09785383,-87.82843683,161.800,1.3,0.8,3D,Yes,0.035,0.066,0.075,,,1.0,,Yes,30,2
16,15:30:38.000 08/16/2024,42.09785400,-87.82843683,161.800,1.3,0.8,3D,Yes,0.035,0.059,0.069,,,1.0,,Yes,30,2
17,15:30:39.000 08/16/2024,42.09785383,-87.82843683,161.800,1.3,0.8,3D,Yes,0.033,0.067,0.075,,,1.0,,Yes,30,2
18,15:30:40.000 08/16/2024,42.09785400,-87.82843683,161.800,1.3,0.8,3D,Yes,0.036,0.068,0.077,,,1.0,,Yes,30,2
19,15:30:41.000 08/16/2024,42.09785383,-87.82843683,161.800,1.3,0.8,3D,Yes,0.033,0.055,0.064,,,1.0,,Yes,29,2
20,15:30:42.000 08/16/2024,42.09785383,-87.82843683,161.800,1.3,0.8,3D,Yes,0.033,0.054,0.063,,,1.0,,Yes,29,2
21,15:30:43.000 08/16/2024,42.09785383,-87.82843683,161.800,1.3,0.8,3D,Yes,0.033,0.055,0.064,,,1.0,,Yes,30,2
22,15:30:44.000 08/16/2024,42.09785433,-87.82843633,161.900,1.3,0.8,3D,Yes,0.033,0.049,0.059,,,1.0,,Yes,30,2
23,15:30:45.000 08/16/2024,42.09785417,-87.82843633,161.900,1.3,0.8,3D,Yes,0.031,0.048,0.057,,,1.0,,Yes,30,2
24,15:30:46.000 08/16/2024,42.09785433,-87.82843633,161.900,1.3,0.8,3D,Yes,0.034,0.050,0.060,,,1.0,,Yes,30,2
25,15:30:47.000 08/16/2024,42.09785417,-87.82843633,161.900,1.3,0.8,3D,Yes,0.033,0.049,0.059,,,1.0,,Yes,30,2
26,15:30:48.000 08/16/2024,42.09785433,-87.82843633,161.900,1.3,0.8,3D,Yes,0.033,0.050,0.060,,,1.0,,Yes,30,2
27,15:30:49.000 08/16/2024,42.09785433,-87.82843633,161.900,1.3,0.8,3D,Yes,0.035,0.055,0.065,,,1.0,,Yes,29,2
28,15:30:50.000 08/16/2024,42.09785383,-87.82843683,161.900,1.3,0.8,3D,Yes,0.032,0.054,0.063,,,1.0,,Yes,29,2
29,15:30:51.000 08/16/2024,42.09785333,-87.82843717,161.800,1.3,0.8,3D,Yes,0.040,0.079,0.089,,,1.0,,Yes,29,2
30,15:30:52.000 08/16/2024,42.09785383,-87.82843683,161.900,1.3,0.8,3D,Yes,0.035,0.058,0.068,,,1.0,,Yes,29,2
31,15:30:53.000 08/16/2024,42.09785400,-87.82843683,161.900,1.3,0.8,3D,Yes,0.034,0.055,0.065,,,1.0,,Yes,30,2
32,15:30:54.000 08/16/2024,42.09785400,-87.82843667,161.900,1.3,0.8,3D,Yes,0.033,0.058,0.067,,,1.0,,Yes,30,2
33,15:30:55.000 08/16/2024,42.09785400,-87.82843667,161.900,1.3,0.8,3D,Yes,0.034,0.059,0.068,,,1.0,,Yes,30,2
34,15:30:56.000 08/16/2024,42.09785417,-87.82843650,161.900,1.3,0.8,3D,Yes,0.032,0.056,0.064,,,1.0,,Yes,29,2
35,15:30:57.000 08/16/2024,42.09785417,-87.82843650,161.900,1.3,0.8,3D,Yes,0.031,0.054,0.062,,,1.0,,Yes,29,2
36,15:30:58.000 08/16/2024,42.09785417,-87.82843650,161.900,1.3,0.8,3D,Yes,0.032,0.057,0.065,,,1.0,,Yes,29,2
37,15:30:59.000 08/16/2024,42.09785417,-87.82843650,161.900,1.3,0.8,3D,Yes,0.033,0.057,0.066,,,1.0,,Yes,29,2
38,15:31:00.000 08/16/2024,42.09785417,-87.82843650,161.900,1.3,0.8,3D,Yes,0.032,0.055,0.064,,,1.0,,Yes,30,2
39,15:31:01.000 08/16/2024,42.09785417,-87.82843650,161.900,1.3,0.8,3D,Yes,0.032,0.056,0.064,,,1.0,,Yes,30,2
40,15:31:02.000 08/16/2024,42.09785417,-87.82843667,161.900,1.3,0.8,3D,Yes,0.031,0.054,0.062,,,1.0,,Yes,30,2
41,15:31:03.000 08/16/2024,42.09785383,-87.82843683,161.800,1.3,0.8,3D,Yes,0.034,0.060,0.069,,,1.0,,Yes,29,2
42,15:31:04.000 08/16/2024,42.09785417,-87.82843650,161.900,1.3,0.8,3D,Yes,0.036,0.064,0.073,,,1.0,,Yes,29,2
43,15:31:05.000 08/16/2024,42.09785383,-87.82843683,161.800,1.3,0.8,3D,Yes,0.034,0.061,0.070,,,1.0,,Yes,29,2
44,15:31:06.000 08/16/2024,42.09785383,-87.82843683,161.800,1.3,0.8,3D,Yes,0.031,0.058,0.066,,,1.0,,Yes,29,2
45,15:31:07.000 08/16/2024,42.09785383,-87.82843683,161.800,1.3,0.8,3D,Yes,0.032,0.061,0.069,,,1.0,,Yes,29,2
46,15:31:08.000 08/16/2024,42.09785417,-87.82843633,161.900,1.3,0.8,3D,Yes,0.031,0.059,0.067,,,1.0,,Yes,29,2
47,15:31:09.000 08/16/2024,42.09785400,-87.82843667,161.800,1.3,0.8,3D,Yes,0.037,0.071,0.080,,,1.0,,Yes,29,2
48,15:31:10.000 08/16/2024,42.09785400,-87.82843667,161.800,1.3,0.8,3D,Yes,0.033,0.062,0.070,,,1.0,,Yes,29,2
49,15:31:11.000 08/16/2024,42.09785400,-87.82843667,161.800,1.3,0.8,3D,Yes,0.032,0.058,0.066,,,1.0,,Yes,29,2
50,15:31:12.000 08/16/2024,42.09785417,-87.82843633,161.900,1.3,0.8,3D,Yes,0.033,0.066,0.074,,,1.0,,Yes,29,2
51,15:31:13.000 08/16/2024,42.09785417,-87.82843633,161.900,1.3,0.8,3D,Yes,0.035,0.066,0.075,,,1.0,,Yes,29,2
52,15:31:14.000 08/16/2024,42.09785417,-87.82843650,161.900,1.3,0.8,3D,Yes,0.035,0.060,0.069,,,1.0,,Yes,29,2
53,15:31:15.000 08/16/2024,42.09785417,-87.82843633,161.900,1.3,0.8,3D,Yes,0.032,0.059,0.067,,,1.0,,Yes,29,2
54,15:31:16.000 08/16/2024,42.09785433,-87.82843633,161.900,1.3,0.8,3D,Yes,0.031,0.056,0.064,,,1.0,,Yes,29,2
55,15:31:17.000 08/16/2024,42.09785433,-87.82843633,161.900,1.3,0.8,3D,Yes,0.032,0.056,0.064,,,1.0,,Yes,29,2
56,15:31:18.000 08/16/2024,42.09785450,-87.82843633,161.900,1.3,0.8,3D,Yes,0.036,0.065,0.074,,,1.0,,Yes,29,2
57,15:31:19.000 08/16/2024,42.09785433,-87.82843633,161.900,1.3,0.8,3D,Yes,0.035,0.057,0.067,,,1.0,,Yes,29,2
58,15:31:20.000 08/16/2024,42.09785383,-87.82843683,161.900,1.3,0.8,3D,Yes,0.029,0.053,0.060,,,1.0,,Yes,29,2
59,15:31:21.000 08/16/2024,42.09785367,-87.82843717,161.800,1.3,0.8,3D,Yes,0.036,0.069,0.078,,,1.0,,Yes,29,2
60,15:31:22.000 08/16/2024,42.09785367,-87.82843700,161.800,1.3,0.8,3D,Yes,0.030,0.052,0.060,,,1.0,,Yes,29,2
61,15:31:23.000 08/16/2024,42.09785367,-87.82843717,161.800,1.3,0.8,3D,Yes,0.030,0.052,0.060,,,1.0,,Yes,29,2
62,15:31:24.000 08/16/2024,42.09785367,-87.82843700,161.800,1.3,0.8,3D,Yes,0.031,0.053,0.061,,,1.0,,Yes,29,2
63,15:31:25.000 08/16/2024,42.09785367,-87.82843700,161.800,1.3,0.8,3D,Yes,0.032,0.053,0.062,,,1.0,,Yes,29,2
64,15:31:26.000 08/16/2024,42.09785383,-87.82843667,161.900,1.3,0.8,3D,Yes,0.029,0.047,0.055,,,1.0,,Yes,29,2
65,15:31:27.000 08/16/2024,42.09785400,-87.82843667,161.900,1.3,0.8,3D,Yes,0.029,0.049,0.057,,,1.0,,Yes,29,2
66,15:31:28.000 08/16/2024,42.09785400,-87.82843667,161.900,1.3,0.8,3D,Yes,0.028,0.047,0.055,,,1.0,,Yes,29,2
67,15:31:29.000 08/16/2024,42.09785383,-87.82843683,161.800,1.3,0.8,3D,Yes,0.030,0.051,0.059,,,1.0,,Yes,29,2
68,15:31:30.000 08/16/2024,42.09785383,-87.82843683,161.800,1.3,0.8,3D,Yes,0.030,0.053,0.061,,,1.0,,Yes,29,2
69,15:31:31.000 08/16/2024,42.09785367,-87.82843683,161.800,1.3,0.8,3D,Yes,0.031,0.053,0.061,,,1.0,,Yes,29,2
70,15:31:32.000 08/16/2024,42.09785383,-87.82843683,161.800,1.3,0.8,3D,Yes,0.029,0.050,0.058,,,1.0,,Yes,29,2
71,15:31:33.000 08/16/2024,42.09785383,-87.82843683,161.900,1.3,0.8,3D,Yes,0.035,0.065,0.074,,,1.0,,Yes,29,2
72,15:31:34.000 08/16/2024,42.09785400,-87.82843667,161.900,1.3,0.8,3D,Yes,0.031,0.052,0.061,,,1.0,,Yes,29,2
73,15:31:35.000 08/16/2024,42.09785383,-87.82843683,161.800,1.3,0.8,3D,Yes,0.030,0.050,0.058,,,1.0,,Yes,29,2
74,15:31:36.000 08/16/2024,42.09785383,-87.82843683,161.800,1.3,0.8,3D,Yes,0.030,0.050,0.058,,,1.0,,Yes,29,2
75,15:31:37.000 08/16/2024,42.09785383,-87.82843683,161.800,1.3,0.8,3D,Yes,0.031,0.051,0.060,,,1.0,,Yes,29,2
76,15:31:38.000 08/16/2024,42.09785383,-87.82843683,161.800,1.3,0.8,3D,Yes,0.029,0.048,0.056,,,1.0,,Yes,29,2
77,15:31:39.000 08/16/2024,42.09785400,-87.82843683,161.800,1.3,0.8,3D,Yes,0.029,0.048,0.056,,,1.0,,Yes,29,2
78,15:31:40.000 08/16/2024,42.09785383,-87.82843667,161.900,1.3,0.8,3D,Yes,0.030,0.049,0.057,,,1.0,,Yes,29,2
79,15:31:41.000 08/16/2024,42.09785400,-87.82843667,161.900,1.3,0.8,3D,Yes,0.030,0.050,0.058,,,1.0,,Yes,29,2
80,15:31:42.000 08/16/2024,42.09785417,-87.82843667,161.800,1.3,0.8,3D,Yes,0.027,0.045,0.052,,,1.0,,Yes,29,2
81,15:31:43.000 08/16/2024,42.09785417,-87.82843667,161.800,1.3,0.8,3D,Yes,0.027,0.044,0.052,,,1.0,,Yes,29,2
82,15:31:44.000 08/16/2024,42.09785417,-87.82843667,161.800,1.3,0.8,3D,Yes,0.028,0.050,0.057,,,1.0,,Yes,29,2
83,15:31:45.000 08/16/2024,42.09785417,-87.82843667,161.800,1.3,0.8,3D,Yes,0.029,0.047,0.055,,,1.0,,Yes,29,2
84,15:31:46.000 08/16/2024,42.09785417,-87.82843667,161.800,1.3,0.8,3D,Yes,0.030,0.048,0.057,,,1.0,,Yes,29,2
85,15:31:47.000 08/16/2024,42.09785417,-87.82843667,161.800,1.3,0.8,3D,Yes,0.032,0.058,0.066,,,1.0,,Yes,29,2
86,15:31:48.000 08/16/2024,42.09785417,-87.82843667,161.800,1.3,0.8,3D,Yes,0.037,0.074,0.083,,,1.0,,Yes,29,2
87,15:31:49.000 08/16/2024,42.09785417,-87.82843667,161.800,1.3,0.8,3D,Yes,0.033,0.059,0.068,,,1.0,,Yes,29,2
88,15:31:50.000 08/16/2024,42.09785383,-87.82843683,161.800,1.3,0.8,3D,Yes,0.031,0.055,0.063,,,1.0,,Yes,29,2
89,15:31:51.000 08/16/2024,42.09785383,-87.82843683,161.800,1.3,0.8,3D,Yes,0.031,0.054,0.062,,,1.0,,Yes,29,2
90,15:31:52.000 08/16/2024,42.09785383,-87.82843683,161.800,1.3,0.8,3D,Yes,0.029,0.050,0.058,,,1.0,,Yes,29,2
91,15:31:53.000 08/16/2024,42.09785383,-87.82843683,161.800,1.3,0.8,3D,Yes,0.030,0.051,0.059,,,1.0,,Yes,29,2
92,15:31:54.000 08/16/2024,42.09785383,-87.82843683,161.800,1.3,0.8,3D,Yes,0.030,0.052,0.060,,,1.0,,Yes,28,2
93,15:31:55.000 08/16/2024,42.09785383,-87.82843683,161.800,1.3,0.8,3D,Yes,0.030,0.052,0.060,,,1.0,,Yes,29,2
94,15:31:56.000 08/16/2024,42.09785367,-87.82843667,161.900,1.3,0.8,3D,Yes,0.034,0.075,0.082,,,1.0,,Yes,29,2
95,15:31:57.000 08/16/2024,42.09785367,-87.82843683,161.900,1.3,0.8,3D,Yes,0.033,0.067,0.075,,,1.0,,Yes,29,2
96,15:31:58.000 08/16/2024,42.09785367,-87.82843700,161.900,1.3,0.8,3D,Yes,0.031,0.064,0.071,,,1.0,,Yes,29,2
97,15:31:59.000 08/16/2024,42.09785383,-87.82843683,161.800,1.3,0.8,3D,Yes,0.030,0.057,0.064,,,1.0,,Yes,29,2
98,15:32:00.000 08/16/2024,42.09785367,-87.82843683,161.900,1.3,0.8,3D,Yes,0.036,0.078,0.086,,,1.0,,Yes,29,2
99,15:32:01.000 08/16/2024,42.09785367,-87.82843683,161.900,1.3,0.8,3D,Yes,0.032,0.068,0.075,,,1.0,,Yes,29,2
100,15:32:02.000 08/16/2024,42.09785383,-87.82843700,161.800,1.3,0.8,3D,Yes,0.031,0.050,0.059,,,1.0,,Yes,29,2
101,15:32:03.000 08/16/2024,42.09785400,-87.82843683,161.800,1.3,0.8,3D,Yes,0.030,0.049,0.057,,,1.0,,Yes,29,1
102,15:32:04.000 08/16/2024,42.09785400,-87.82843683,161.800,1.3,0.8,3D,Yes,0.030,0.049,0.057,,,1.0,,Yes,29,1
103,15:32:05.000 08/16/2024,42.09785400,-87.82843683,161.800,1.3,0.8,3D,Yes,0.030,0.045,0.054,,,1.0,,Yes,29,1
104,15:32:06.000 08/16/2024,42.09785400,-87.82843683,161.800,1.3,0.8,3D,Yes,0.030,0.045,0.054,,,1.0,,Yes,29,1
105,15:32:07.000 08/16/2024,42.09785400,-87.82843683,161.800,1.3,0.8,3D,Yes,0.030,0.049,0.057,,,1.0,,Yes,29,1
106,15:32:08.000 08/16/2024,42.09785400,-87.82843633,162.000,1.3,0.8,3D,Yes,0.031,0.057,0.065,,,1.0,,Yes,29,2
107,15:32:09.000 08/16/2024,42.09785400,-87.82843650,162.000,1.3,0.8,3D,Yes,0.031,0.059,0.067,,,1.0,,Yes,29,2
108,15:32:10.000 08/16/2024,42.09785400,-87.82843633,162.000,1.3,0.8,3D,Yes,0.032,0.055,0.064,,,1.0,,Yes,29,2
109,15:32:11.000 08/16/2024,42.09785417,-87.82843633,162.000,1.3,0.8,3D,Yes,0.030,0.052,0.060,,,1.0,,Yes,29,2
110,15:32:12.000 08/16/2024,42.09785417,-87.82843633,161.900,1.3,0.8,3D,Yes,0.029,0.047,0.055,,,1.0,,Yes,29,2
111,15:32:13.000 08/16/2024,42.09785433,-87.82843617,161.900,1.3,0.8,3D,Yes,0.029,0.048,0.056,,,1.0,,Yes,29,2
112,15:32:14.000 08/16/2024,42.09785417,-87.82843633,161.900,1.3,0.8,3D,Yes,0.029,0.046,0.054,,,1.0,,Yes,29,2
113,15:32:15.000 08/16/2024,42.09785433,-87.82843617,161.900,1.3,0.8,3D,Yes,0.029,0.049,0.057,,,1.0,,Yes,29,2
114,15:32:16.000 08/16/2024,42.09785433,-87.82843617,161.900,1.3,0.8,3D,Yes,0.031,0.054,0.062,,,1.0,,Yes,29,2
115,15:32:17.000 08/16/2024,42.09785433,-87.82843600,161.900,1.3,0.8,3D,Yes,0.030,0.048,0.057,,,1.0,,Yes,29,2
116,15:32:18.000 08/16/2024,42.09785433,-87.82843617,161.900,1.3,0.8,3D,Yes,0.030,0.051,0.059,,,1.0,,Yes,29,2
117,15:32:19.000 08/16/2024,42.09785433,-87.82843600,161.900,1.3,0.8,3D,Yes,0.031,0.052,0.061,,,1.0,,Yes,29,2
118,15:32:20.000 08/16/2024,42.09785433,-87.82843600,162.000,1.3,0.8,3D,Yes,0.033,0.057,0.066,,,1.0,,Yes,29,2
119,15:32:21.000 08/16/2024,42.09785383,-87.82843650,162.000,1.3,0.8,3D,Yes,0.030,0.055,0.063,,,1.0,,Yes,29,2
120,15:32:22.000 08/16/2024,42.09785383,-87.82843650,162.000,1.3,0.8,3D,Yes,0.030,0.054,0.062,,,1.0,,Yes,29,2
121,15:32:23.000 08/16/2024,42.09785383,-87.82843650,162.000,1.3,0.8,3D,Yes,0.030,0.054,0.062,,,1.0,,Yes,29,2
122,15:32:24.000 08/16/2024,42.09785383,-87.82843650,162.000,1.3,0.8,3D,Yes,0.030,0.054,0.062,,,1.0,,Yes,29,2
123,15:32:25.000 08/16/2024,42.09785383,-87.82843650,162.000,1.3,0.8,3D,Yes,0.031,0.054,0.062,,,1.0,,Yes,29,2
124,15:32:26.000 08/16/2024,42.09785383,-87.82843667,161.900,1.3,0.8,3D,Yes,0.032,0.051,0.060,,,1.0,,Yes,29,2
125,15:32:27.000 08/16/2024,42.09785350,-87.82843717,161.800,1.3,0.8,3D,Yes,0.028,0.053,0.060,,,1.0,,Yes,29,2
126,15:32:28.000 08/16/2024,42.09785383,-87.82843650,161.900,1.3,0.8,3D,Yes,0.029,0.053,0.060,,,1.0,,Yes,29,2
127,15:32:29.000 08/16/2024,42.09785383,-87.82843667,161.900,1.3,0.8,3D,Yes,0.028,0.051,0.058,,,1.0,,Yes,29,2
128,15:32:30.000 08/16/2024,42.09785383,-87.82843667,161.900,1.3,0.8,3D,Yes,0.031,0.050,0.059,,,1.0,,Yes,29,2
129,15:32:31.000 08/16/2024,42.09785400,-87.82843633,161.900,1.3,0.8,3D,Yes,0.030,0.054,0.062,,,1.0,,Yes,29,2
130,15:32:32.000 08/16/2024,42.09785400,-87.82843650,161.900,1.3,0.8,3D,Yes,0.030,0.055,0.063,,,1.0,,Yes,29,2
131,15:32:33.000 08/16/2024,42.09785400,-87.82843650,161.900,1.3,0.8,3D,Yes,0.030,0.055,0.063,,,1.0,,Yes,29,2
132,15:32:34.000 08/16/2024,42.09785400,-87.82843650,161.900,1.3,0.8,3D,Yes,0.030,0.053,0.061,,,1.0,,Yes,29,2
133,15:32:35.000 08/16/2024,42.09785400,-87.82843650,161.900,1.3,0.8,3D,Yes,0.031,0.058,0.066,,,1.0,,Yes,29,2
134,15:32:36.000 08/16/2024,42.09785400,-87.82843633,161.900,1.3,0.8,3D,Yes,0.033,0.061,0.069,,,1.0,,Yes,29,2
135,15:32:37.000 08/16/2024,42.09785400,-87.82843633,161.900,1.3,0.8,3D,Yes,0.034,0.062,0.071,,,1.0,,Yes,29,2
136,15:32:38.000 08/16/2024,42.09785400,-87.82843633,161.900,1.3,0.8,3D,Yes,0.032,0.059,0.067,,,1.0,,Yes,29,2
137,15:32:39.000 08/16/2024,42.09785400,-87.82843633,161.900,1.3,0.8,3D,Yes,0.032,0.057,0.065,,,1.0,,Yes,29,2
138,15:32:40.000 08/16/2024,42.09785400,-87.82843633,161.900,1.3,0.8,3D,Yes,0.032,0.056,0.064,,,1.0,,Yes,29,2
139,15:32:41.000 08/16/2024,42.09785417,-87.82843633,161.900,1.3,0.8,3D,Yes,0.031,0.060,0.068,,,1.0,,Yes,28,2
140,15:32:42.000 08/16/2024,42.09785417,-87.82843633,161.900,1.3,0.8,3D,Yes,0.030,0.059,0.066,,,1.0,,Yes,28,2
141,15:32:43.000 08/16/2024,42.09785417,-87.82843617,161.900,1.3,0.8,3D,Yes,0.030,0.059,0.066,,,1.0,,Yes,29,2
142,15:32:44.000 08/16/2024,42.09785417,-87.82843633,161.900,1.3,0.8,3D,Yes,0.030,0.059,0.066,,,1.0,,Yes,28,2
143,15:32:45.000 08/16/2024,42.09785417,-87.82843617,161.900,1.3,0.8,3D,Yes,0.030,0.052,0.060,,,1.0,,Yes,29,2
144,15:32:46.000 08/16/2024,42.09785433,-87.82843633,161.900,1.3,0.8,3D,Yes,0.031,0.054,0.062,,,1.0,,Yes,29,2
145,15:32:47.000 08/16/2024,42.09785417,-87.82843617,161.900,1.3,0.8,3D,Yes,0.033,0.061,0.069,,,1.0,,Yes,29,2
146,15:32:48.000 08/16/2024,42.09785433,-87.82843617,161.900,1.3,0.8,3D,Yes,0.032,0.058,0.066,,,1.0,,Yes,29,2
147,15:32:49.000 08/16/2024,42.09785433,-87.82843617,161.900,1.3,0.8,3D,Yes,0.037,0.063,0.073,,,1.0,,Yes,29,1
148,15:32:50.000 08/16/2024,42.09785433,-87.82843617,161.900,1.3,0.8,3D,Yes,0.037,0.063,0.073,,,1.0,,Yes,29,1
149,15:32:51.000 08/16/2024,42.09785433,-87.82843633,161.900,1.3,0.8,3D,Yes,0.035,0.068,0.076,,,1.0,,Yes,29,1
150,15:32:52.000 08/16/2024,42.09785417,-87.82843667,161.900,1.3,0.8,3D,Yes,0.031,0.044,0.054,,,1.0,,Yes,29,1
151,15:32:53.000 08/16/2024,42.09785417,-87.82843667,161.900,1.3,0.8,3D,Yes,0.030,0.046,0.055,,,1.0,,Yes,29,1
152,15:32:54.000 08/16/2024,42.09785367,-87.82843700,161.800,1.3,0.8,3D,Yes,0.032,0.054,0.063,,,1.0,,Yes,29,2
153,15:32:55.000 08/16/2024,42.09785383,-87.82843700,161.800,1.3,0.8,3D,Yes,0.033,0.054,0.063,,,1.0,,Yes,29,2
154,15:32:56.000 08/16/2024,42.09785367,-87.82843700,161.800,1.3,0.8,3D,Yes,0.033,0.055,0.064,,,1.0,,Yes,29,2
155,15:32:57.000 08/16/2024,42.09785367,-87.82843683,161.800,1.3,0.8,3D,Yes,0.036,0.062,0.072,,,1.0,,Yes,29,2
156,15:32:58.000 08/16/2024,42.09785367,-87.82843683,161.800,1.3,0.8,3D,Yes,0.034,0.059,0.068,,,1.0,,Yes,29,2
157,15:32:59.000 08/16/2024,42.09785417,-87.82843650,161.900,1.3,0.8,3D,Yes,0.033,0.055,0.064,,,1.0,,Yes,29,2
158,15:33:00.000 08/16/2024,42.09785400,-87.82843617,161.900,1.3,0.8,3D,Yes,0.043,0.073,0.085,,,1.0,,Yes,29,2
159,15:33:01.000 08/16/2024,42.09785417,-87.82843617,161.900,1.3,0.8,3D,Yes,0.038,0.065,0.075,,,1.0,,Yes,29,2
160,15:33:02.000 08/16/2024,42.09785400,-87.82843683,161.800,1.3,0.8,3D,Yes,0.038,0.065,0.075,,,1.0,,Yes,27,2
161,15:33:03.000 08/16/2024,42.09785367,-87.82843583,161.900,1.3,0.8,3D,Yes,0.069,0.106,0.126,,,1.0,,Yes,27,2
162,15:33:04.000 08/16/2024,42.09785367,-87.82843633,161.900,1.3,0.8,3D,Yes,0.067,0.101,0.121,,,1.0,,Yes,29,1
163,15:33:05.000 08/16/2024,42.09785617,-87.82843467,162.900,1.3,0.8,3D,Yes,0.029,0.038,0.048,,,1.0,,Yes,29,1
164,15:33:06.000 08/16/2024,42.09785883,-87.82843017,163.100,1.3,0.8,3D,Yes,0.035,0.052,0.063,,,1.0,,Yes,27,1
165,15:33:07.000 08/16/2024,42.09785800,-87.82842233,163.000,1.3,0.8,3D,Yes,0.038,0.065,0.075,,,1.0,,Yes,26,1
166,15:33:08.000 08/16/2024,42.09785683,-87.82841100,163.000,1.3,0.8,3D,Yes,0.041,0.055,0.069,,,1.0,,Yes,27,1
167,15:33:09.000 08/16/2024,42.09785667,-87.82839767,163.000,1.3,0.8,3D,Yes,0.045,0.064,0.078,,,1.0,,Yes,26,1
168,15:33:10.000 08/16/2024,42.09785767,-87.82838300,163.100,1.3,0.8,3D,Yes,0.037,0.053,0.065,,,1.0,,Yes,26,2
169,15:33:11.000 08/16/2024,42.09785900,-87.82836833,163.100,1.3,0.8,3D,Yes,0.027,0.048,0.055,,,1.0,,Yes,26,2
170,15:33:12.000 08/16/2024,42.09786000,-87.82835633,163.000,1.3,0.8,3D,Yes,0.027,0.046,0.053,,,1.0,,Yes,26,2
171,15:33:13.000 08/16/2024,42.09786117,-87.82834283,163.000,1.3,0.8,3D,Yes,0.031,0.047,0.056,,,1.0,,Yes,27,2
172,15:33:14.000 08/16/2024,42.09786300,-87.82833067,163.000,1.3,0.8,3D,Yes,0.032,0.049,0.059,,,1.0,,Yes,27,2
173,15:33:15.000 08/16/2024,42.09786500,-87.82831783,163.100,1.3,0.8,3D,Yes,0.041,0.047,0.062,,,1.0,,Yes,26,2
174,15:33:16.000 08/16/2024,42.09786683,-87.82830367,163.200,1.3,0.8,3D,Yes,0.031,0.046,0.055,,,1.0,,Yes,26,2
175,15:33:17.000 08/16/2024,42.09786867,-87.82829083,163.100,1.3,0.8,3D,Yes,0.029,0.046,0.054,,,1.0,,Yes,25,2
176,15:33:18.000 08/16/2024,42.09786917,-87.82827667,163.100,1.3,0.8,3D,Yes,0.032,0.046,0.056,,,1.0,,Yes,26,2
177,15:33:19.000 08/16/2024,42.09787033,-87.82826350,163.000,1.3,0.8,3D,Yes,0.031,0.043,0.053,,,1.0,,Yes,26,2
178,15:33:20.000 08/16/2024,42.09787183,-87.82825183,163.100,1.3,0.8,3D,Yes,0.033,0.050,0.060,,,1.0,,Yes,28,2
179,15:33:21.000 08/16/2024,42.09787300,-87.82823767,163.000,1.3,0.8,3D,Yes,0.033,0.043,0.054,,,1.0,,Yes,25,2
180,15:33:22.000 08/16/2024,42.09787333,-87.82822333,163.100,1.3,0.8,3D,Yes,0.031,0.045,0.055,,,1.0,,Yes,24,2
181,15:33:23.000 08/16/2024,42.09787317,-87.82820983,163.000,1.3,0.8,3D,Yes,0.031,0.046,0.055,,,1.0,,Yes,24,2
182,15:33:24.000 08/16/2024,42.09787383,-87.82819800,163.000,1.3,0.8,3D,Yes,0.030,0.044,0.053,,,1.0,,Yes,25,2
183,15:33:25.000 08/16/2024,42.09787450,-87.82818517,163.000,1.3,0.8,3D,Yes,0.039,0.045,0.060,,,1.0,,Yes,25,2
184,15:33:26.000 08/16/2024,42.09787433,-87.82817133,163.000,1.3,0.8,3D,Yes,0.034,0.039,0.052,,,1.0,,Yes,25,2
185,15:33:27.000 08/16/2024,42.09787417,-87.82815683,163.000,1.4,0.8,3D,Yes,0.035,0.041,0.054,,,1.1,,Yes,25,2
186,15:33:28.000 08/16/2024,42.09787300,-87.82814200,162.900,1.4,0.8,3D,Yes,0.030,0.040,0.050,,,1.1,,Yes,25,2
187,15:33:29.000 08/16/2024,42.09787167,-87.82812650,162.900,1.4,0.8,3D,Yes,0.029,0.044,0.053,,,1.1,,Yes,25,1
188,15:33:30.000 08/16/2024,42.09787133,-87.82811050,162.900,1.3,0.8,3D,Yes,0.031,0.051,0.060,,,1.0,,Yes,25,1
189,15:33:31.000 08/16/2024,42.09787000,-87.82809567,162.800,1.3,0.8,3D,Yes,0.031,0.053,0.061,,,1.0,,Yes,25,1
190,15:33:32.000 08/16/2024,42.09786883,-87.82808100,162.900,1.3,0.8,3D,Yes,0.031,0.053,0.061,,,1.0,,Yes,25,1
191,15:33:33.000 08/16/2024,42.09786867,-87.82806617,162.800,1.3,0.8,3D,Yes,0.030,0.053,0.061,,,1.0,,Yes,25,1
192,15:33:34.000 08/16/2024,42.09786833,-87.82805083,162.700,1.3,0.8,3D,Yes,0.032,0.054,0.063,,,1.0,,Yes,25,1
193,15:33:35.000 08/16/2024,42.09786783,-87.82803467,162.800,1.3,0.8,3D,Yes,0.032,0.064,0.072,,,1.0,,Yes,24,1
194,15:33:36.000 08/16/2024,42.09786583,-87.82801817,162.700,1.3,0.8,3D,Yes,0.033,0.071,0.078,,,1.0,,Yes,24,1
195,15:33:37.000 08/16/2024,42.09786367,-87.82800167,162.700,1.3,0.8,3D,Yes,0.027,0.054,0.060,,,1.0,,Yes,24,1
196,15:33:38.000 08/16/2024,42.09786267,-87.82798433,162.700,1.3,0.8,3D,Yes,0.029,0.055,0.062,,,1.0,,Yes,24,1
197,15:33:39.000 08/16/2024,42.09786317,-87.82796750,162.700,1.3,0.8,3D,Yes,0.030,0.055,0.063,,,1.0,,Yes,24,1
198,15:33:40.000 08/16/2024,42.09786617,-87.82795133,162.700,1.3,0.8,3D,Yes,0.032,0.058,0.066,,,1.0,,Yes,25,1
199,15:33:41.000 08/16/2024,42.09786917,-87.82793467,162.600,1.3,0.8,3D,Yes,0.033,0.057,0.066,,,1.0,,Yes,25,1
200,15:33:42.000 08/16/2024,42.09787267,-87.82791867,162.700,1.3,0.8,3D,Yes,0.033,0.068,0.076,,,1.0,,Yes,26,2
201,15:33:43.000 08/16/2024,42.09787850,-87.82790417,162.700,1.3,0.8,3D,Yes,0.036,0.082,0.090,,,1.0,,Yes,26,2
202,15:33:44.000 08/16/2024,42.09788533,-87.82789133,162.700,1.3,0.8,3D,Yes,0.039,0.101,0.108,,,1.0,,Yes,25,1
203,15:33:45.000 08/16/2024,42.09789267,-87.82787867,162.700,1.3,0.8,3D,Yes,0.037,0.081,0.089,,,1.0,,Yes,26,1
204,15:33:46.000 08/16/2024,42.09790083,-87.82786683,162.700,1.3,0.8,3D,Yes,0.034,0.090,0.096,,,1.0,,Yes,25,1
205,15:33:47.000 08/16/2024,42.09791033,-87.82785567,162.700,1.4,0.9,3D,Yes,0.039,0.093,0.101,,,1.1,,Yes,24,1
206,15:33:48.000 08/16/2024,42.09791983,-87.82784583,162.700,1.4,0.9,3D,Yes,0.037,0.075,0.084,,,1.1,,Yes,24,1
207,15:33:49.000 08/16/2024,42.09792967,-87.82783817,162.700,1.4,0.9,3D,Yes,0.033,0.069,0.076,,,1.1,,Yes,25,1
208,15:33:50.000 08/16/2024,42.09794150,-87.82783267,162.800,1.4,0.9,3D,Yes,0.033,0.064,0.072,,,1.1,,Yes,25,1
209,15:33:51.000 08/16/2024,42.09795367,-87.82782783,162.800,1.4,0.9,3D,Yes,0.032,0.067,0.074,,,1.1,,Yes,25,1
210,15:33:52.000 08/16/2024,42.09796500,-87.82782267,162.900,1.4,0.8,3D,Yes,0.035,0.071,0.079,,,1.1,,Yes,25,2
211,15:33:53.000 08/16/2024,42.09797633,-87.82781933,163.000,1.4,0.8,3D,Yes,0.034,0.071,0.079,,,1.1,,Yes,24,2
212,15:33:54.000 08/16/2024,42.09798767,-87.82781733,162.900,1.4,0.8,3D,Yes,0.031,0.059,0.067,,,1.1,,Yes,24,2
213,15:33:55.000 08/16/2024,42.09799833,-87.82781483,163.000,1.5,0.9,3D,Yes,0.035,0.067,0.076,,,1.2,,Yes,24,2
214,15:33:56.000 08/16/2024,42.09800967,-87.82781267,162.900,1.5,0.9,3D,Yes,0.033,0.058,0.067,,,1.2,,Yes,24,2
215,15:33:57.000 08/16/2024,42.09802100,-87.82781333,162.900,1.6,0.9,3D,Yes,0.033,0.061,0.069,,,1.3,,Yes,23,2
216,15:33:58.000 08/16/2024,42.09803217,-87.82781533,162.800,1.6,0.9,3D,Yes,0.053,0.099,0.112,,,1.3,,Yes,23,1
217,15:33:59.000 08/16/2024,42.09804350,-87.82781967,162.900,1.4,0.8,3D,Yes,0.053,0.120,0.131,,,1.1,,Yes,23,1
218,15:34:00.000 08/16/2024,42.09805433,-87.82782583,162.900,1.4,0.8,3D,Yes,0.047,0.104,0.114,,,1.1,,Yes,22,1
219,15:34:01.000 08/16/2024,42.09806433,-87.82783350,162.900,1.4,0.8,3D,Yes,0.049,0.121,0.131,,,1.1,,Yes,24,1
220,15:34:02.000 08/16/2024,42.09807417,-87.82784000,163.000,1.5,0.9,3D,Yes,0.048,0.095,0.106,,,1.2,,Yes,23,1
221,15:34:03.000 08/16/2024,42.09808350,-87.82784800,163.000,1.4,0.8,3D,Yes,0.049,0.094,0.106,,,1.1,,Yes,25,1
222,15:34:04.000 08/16/2024,42.09809233,-87.82785783,163.100,1.4,0.8,3D,Yes,0.049,0.094,0.106,,,1.1,,Yes,25,1
223,15:34:05.000 08/16/2024,42.09810017,-87.82786850,162.900,1.4,0.8,3D,Yes,0.053,0.098,0.111,,,1.1,,Yes,24,2
224,15:34:06.000 08/16/2024,42.09810617,-87.82788100,163.000,1.4,0.8,3D,Yes,0.043,0.079,0.090,,,1.1,,Yes,23,1
225,15:34:07.000 08/16/2024,42.09811033,-87.82789550,163.200,1.4,0.8,3D,Yes,0.052,0.096,0.109,,,1.1,,Yes,23,2
226,15:34:08.000 08/16/2024,42.09811250,-87.82791000,163.200,1.3,0.8,3D,Yes,0.052,0.121,0.132,,,1.0,,Yes,25,2
227,15:34:09.000 08/16/2024,42.09811433,-87.82792483,163.100,1.3,0.8,3D,Yes,0.044,0.069,0.082,,,1.0,,Yes,24,1
228,15:34:10.000 08/16/2024,42.09811617,-87.82794000,163.100,1.3,0.8,3D,Yes,0.038,0.066,0.076,,,1.0,,Yes,25,1
229,15:34:11.000 08/16/2024,42.09811783,-87.82795533,163.000,1.3,0.8,3D,Yes,0.032,0.059,0.067,,,1.0,,Yes,24,2
230,15:34:12.000 08/16/2024,42.09811867,-87.82797017,163.100,1.3,0.8,3D,Yes,0.030,0.071,0.077,,,1.0,,Yes,23,1
231,15:34:13.000 08/16/2024,42.09811883,-87.82798533,163.000,1.3,0.8,3D,Yes,0.030,0.075,0.081,,,1.0,,Yes,23,1
232,15:34:14.000 08/16/2024,42.09811933,-87.82800050,163.000,1.3,0.8,3D,Yes,0.030,0.082,0.087,,,1.0,,Yes,26,1
233,15:34:15.000 08/16/2024,42.09811950,-87.82801567,163.100,1.3,0.8,3D,Yes,0.029,0.078,0.083,,,1.0,,Yes,26,1
234,15:34:16.000 08/16/2024,42.09811867,-87.82802917,163.100,1.3,0.8,3D,Yes,0.033,0.090,0.096,,,1.0,,Yes,25,2
235,15:34:17.000 08/16/2024,42.09811617,-87.82804217,163.100,1.3,0.8,3D,Yes,0.036,0.091,0.098,,,1.0,,Yes,25,2
236,15:34:18.000 08/16/2024,42.09811100,-87.82805000,163.100,1.3,0.8,3D,Yes,0.032,0.085,0.091,,,1.0,,Yes,27,1
237,15:34:19.000 08/16/2024,42.09810650,-87.82805333,163.200,1.3,0.8,3D,Yes,0.050,0.134,0.143,,,1.0,,Yes,27,1
238,15:34:20.000 08/16/2024,42.09809917,-87.82805383,163.200,1.4,0.8,3D,Yes,0.035,0.082,0.089,,,1.1,,Yes,24,1
239,15:34:21.000 08/16/2024,42.09809000,-87.82805317,163.300,1.8,1.0,3D,Yes,0.031,0.072,0.078,,,1.5,,Yes,24,1
240,15:34:22.000 08/16/2024,42.09808067,-87.82805450,163.100,1.6,0.9,3D,Yes,0.036,0.072,0.080,,,1.4,,Yes,25,2
241,15:34:23.000 08/16/2024,42.09807333,-87.82805867,163.200,1.6,0.9,3D,Yes,0.035,0.065,0.074,,,1.4,,Yes,25,1
242,15:34:24.000 08/16/2024,42.09806533,-87.82806083,163.200,1.4,0.8,3D,Yes,0.037,0.077,0.085,,,1.1,,Yes,26,1
243,15:34:25.000 08/16/2024,42.09805617,-87.82805900,163.100,1.3,0.8,3D,Yes,0.033,0.069,0.076,,,1.0,,Yes,27,1
244,15:34:26.000 08/16/2024,42.09804733,-87.82805733,163.100,1.3,0.8,3D,Yes,0.033,0.061,0.069,,,1.0,,Yes,28,1
245,15:34:27.000 08/16/2024,42.09803750,-87.82805733,163.100,1.3,0.8,3D,Yes,0.032,0.054,0.063,,,1.0,,Yes,27,1
246,15:34:28.000 08/16/2024,42.09802583,-87.82806083,163.100,1.3,0.8,3D,Yes,0.033,0.060,0.068,,,1.0,,Yes,26,1
247,15:34:29.000 08/16/2024,42.09801633,-87.82806483,163.100,1.4,0.8,3D,Yes,0.032,0.057,0.065,,,1.1,,Yes,25,1
248,15:34:30.000 08/16/2024,42.09800783,-87.82806550,163.000,1.4,0.8,3D,Yes,0.034,0.059,0.068,,,1.1,,Yes,25,1
249,15:34:31.000 08/16/2024,42.09800100,-87.82806150,163.100,1.4,0.8,3D,Yes,0.040,0.063,0.075,,,1.1,,Yes,25,1
250,15:34:32.000 08/16/2024,42.09799900,-87.82805633,163.300,1.4,0.8,3D,Yes,0.044,0.086,0.097,,,1.1,,Yes,24,1
251,15:34:33.000 08/16/2024,42.09799817,-87.82804817,163.600,1.4,0.8,3D,Yes,0.038,0.075,0.084,,,1.1,,Yes,24,1
252,15:34:34.000 08/16/2024,42.09799700,-87.82803950,164.000,1.6,0.9,3D,Yes,0.044,0.097,0.107,,,1.4,,Yes,23,1
253,15:34:35.000 08/16/2024,42.09799433,-87.82803283,164.300,1.6,0.9,3D,Yes,0.062,0.116,0.132,,,1.4,,Yes,23,1
254,15:34:36.000 08/16/2024,42.09798750,-87.82803133,164.600,1.6,0.9,3D,Yes,0.062,0.126,0.140,,,1.4,,Yes,23,1
255,15:34:37.000 08/16/2024,42.09798317,-87.82803800,164.600,1.6,0.9,3D,Yes,0.069,0.193,0.205,,,1.4,,Yes,25,1
256,15:34:38.000 08/16/2024,42.09798317,-87.82804767,164.100,1.4,0.8,3D,Yes,0.043,0.091,0.101,,,1.1,,Yes,25,1
257,15:34:39.000 08/16/2024,42.09798367,-87.82805883,163.600,1.4,0.8,3D,Yes,0.040,0.068,0.079,,,1.1,,Yes,25,2
258,15:34:40.000 08/16/2024,42.09798383,-87.82807317,163.100,1.4,0.8,3D,Yes,0.040,0.063,0.075,,,1.1,,Yes,25,2
259,15:34:41.000 08/16/2024,42.09797917,-87.82808250,163.100,1.4,0.8,3D,Yes,0.039,0.061,0.072,,,1.1,,Yes,27,2
260,15:34:42.000 08/16/2024,42.09797217,-87.82808217,163.000,1.3,0.8,3D,Yes,0.039,0.075,0.085,,,1.0,,Yes,26,1
261,15:34:43.000 08/16/2024,42.09796383,-87.82807950,163.100,1.3,0.8,3D,Yes,0.033,0.066,0.074,,,1.0,,Yes,27,1
262,15:34:44.000 08/16/2024,42.09795517,-87.82807467,163.000,1.3,0.8,3D,Yes,0.033,0.067,0.075,,,1.0,,Yes,25,1
263,15:34:45.000 08/16/2024,42.09794533,-87.82807067,163.000,1.3,0.8,3D,Yes,0.057,0.105,0.119,,,1.0,,Yes,26,1
264,15:34:46.000 08/16/2024,42.09793500,-87.82806733,163.000,1.3,0.8,3D,Yes,0.059,0.111,0.126,,,1.0,,Yes,27,1
265,15:34:47.000 08/16/2024,42.09792617,-87.82806333,162.900,1.3,0.8,3D,Yes,0.059,0.104,0.120,,,1.0,,Yes,26,1
266,15:34:48.000 08/16/2024,42.09791767,-87.82805617,162.900,1.3,0.8,3D,Yes,0.060,0.103,0.119,,,1.0,,Yes,26,1
267,15:34:49.000 08/16/2024,42.09791050,-87.82804733,162.900,1.3,0.8,3D,Yes,0.060,0.100,0.117,,,1.0,,Yes,27,1
268,15:34:50.000 08/16/2024,42.09790400,-87.82803650,162.900,1.3,0.8,3D,Yes,0.053,0.090,0.104,,,1.0,,Yes,28,1
269,15:34:51.000 08/16/2024,42.09789967,-87.82802250,162.800,1.3,0.8,3D,Yes,0.049,0.087,0.100,,,1.0,,Yes,25,1
270,15:34:52.000 08/16/2024,42.09789650,-87.82800867,162.700,1.3,0.8,3D,Yes,0.041,0.062,0.074,,,1.0,,Yes,25,1
271,15:34:53.000 08/16/2024,42.09789267,-87.82799467,162.800,1.3,0.8,3D,Yes,0.036,0.074,0.082,,,1.0,,Yes,25,1
272,15:34:54.000 08/16/2024,42.09788983,-87.82798050,162.700,1.3,0.8,3D,Yes,0.034,0.066,0.074,,,1.0,,Yes,25,1
273,15:34:55.000 08/16/2024,42.09788800,-87.82796683,162.700,1.3,0.8,3D,Yes,0.032,0.076,0.082,,,1.0,,Yes,26,1
274,15:34:56.000 08/16/2024,42.09788783,-87.82795300,162.600,1.3,0.8,3D,Yes,0.029,0.063,0.069,,,1.0,,Yes,26,1
275,15:34:57.000 08/16/2024,42.09788783,-87.82794083,162.600,1.3,0.8,3D,Yes,0.034,0.063,0.072,,,1.0,,Yes,25,1
276,15:34:58.000 08/16/2024,42.09788900,-87.82793067,162.600,1.3,0.8,3D,Yes,0.034,0.061,0.070,,,1.0,,Yes,26,1
277,15:34:59.000 08/16/2024,42.09789133,-87.82792367,162.600,1.3,0.8,3D,Yes,0.038,0.050,0.063,,,1.0,,Yes,26,1
278,15:35:00.000 08/16/2024,42.09789617,-87.82792000,162.600,1.3,0.8,3D,Yes,0.036,0.052,0.063,,,1.0,,Yes,25,1
279,15:35:01.000 08/16/2024,42.09790133,-87.82792067,162.600,1.3,0.8,3D,Yes,0.056,0.078,0.096,,,1.0,,Yes,26,2
280,15:35:02.000 08/16/2024,42.09790500,-87.82792133,162.600,1.3,0.8,3D,Yes,0.454,0.262,0.524,,,1.0,,Yes,26,0
281,15:35:03.000 08/16/2024,42.09790633,-87.82792183,162.500,1.5,0.9,3D,Yes,1.167,0.571,1.299,,,1.2,,Yes,16,0
282,15:35:04.000 08/16/2024,42.09790467,-87.82792183,162.500,4.7,3.3,3D,Yes,2.122,0.945,2.323,,,3.3,,Yes,9,0
283,15:35:05.000 08/16/2024,42.09790317,-87.82791850,162.500,6.8,4.7,3D,Yes,3.351,1.380,3.624,,,4.9,,Yes,6,0
284,15:35:06.000 08/16/2024,42.09790230,-87.82791360,162.526,100.0,100.0,,No,6.049,2.240,6.450,,,100.0,,No,0,0
285,15:35:07.000 08/16/2024,42.09790130,-87.82790880,162.538,100.0,100.0,,No,10.311,2.980,10.733,,,100.0,,No,0,0
286,15:35:08.000 08/16/2024,42.09790040,-87.82790400,162.549,100.0,100.0,,No,15.825,3.693,16.250,,,100.0,,No,0,0
287,15:35:09.000 08/16/2024,42.09789950,-87.82789920,162.560,100.0,100.0,,No,22.269,4.236,22.668,,,100.0,,No,0,0
288,15:35:10.000 08/16/2024,42.09789860,-87.82789440,162.571,100.0,100.0,,No,29.593,4.842,29.987,,,100.0,,No,0,0
289,15:35:11.000 08/16/2024,42.09789760,-87.82788960,162.583,100.0,100.0,,No,37.682,5.504,38.082,,,100.0,,No,0,0
290,15:35:12.000 08/16/2024,42.09789670,-87.82788480,162.594,100.0,100.0,,No,46.460,6.216,46.874,,,100.0,,No,0,0
291,15:35:13.000 08/16/2024,42.09789580,-87.82788000,162.605,100.0,100.0,,No,55.870,6.974,56.304,,,100.0,,No,0,0
292,15:35:14.000 08/16/2024,42.09789490,-87.82787520,162.616,100.0,100.0,,No,65.870,7.774,66.327,,,100.0,,No,0,0
293,15:35:15.000 08/16/2024,42.09789390,-87.82787040,162.627,100.0,100.0,,No,76.423,8.613,76.907,,,100.0,,No,0,0
294,15:35:16.000 08/16/2024,42.09789300,-87.82786560,162.639,100.0,100.0,,No,87.502,9.488,88.015,,,100.0,,No,0,0
295,15:35:17.000 08/16/2024,42.09789300,-87.82786560,162.639,100.0,100.0,,No,99.081,10.397,99.625,,,100.0,,No,0,0
296,15:35:18.000 08/16/2024,42.09789300,-87.82786560,162.639,100.0,100.0,,No,111.139,11.340,111.716,,,100.0,,No,0,0
297,15:35:19.000 08/16/2024,42.09789300,-87.82786560,162.639,100.0,100.0,,No,123.657,12.313,124.269,,,100.0,,No,0,0
298,15:35:20.000 08/16/2024,42.09789300,-87.82786560,162.639,100.0,100.0,,No,136.619,13.317,137.267,,,100.0,,No,0,0
299,15:35:21.000 08/16/2024,42.09789300,-87.82786560,162.639,100.0,100.0,,No,150.009,14.350,150.694,,,100.0,,No,0,0
300,15:35:22.000 08/16/2024,42.09789300,-87.82786560,162.639,100.0,100.0,,No,163.813,15.411,164.536,,,100.0,,No,0,0
301,15:35:23.000 08/16/2024,42.09789300,-87.82786560,162.639,100.0,100.0,,No,178.021,16.499,178.784,,,100.0,,No,0,0
302,15:35:24.000 08/16/2024,42.09789300,-87.82786560,162.639,100.0,100.0,,No,192.620,17.614,193.424,,,100.0,,No,0,0
303,15:35:25.000 08/16/2024,42.09789300,-87.82786560,162.639,100.0,100.0,,No,207.601,18.754,208.446,,,100.0,,No,0,0
304,15:35:26.000 08/16/2024,42.09789300,-87.82786560,162.639,100.0,100.0,,No,222.952,19.919,223.840,,,100.0,,No,0,0
305,15:35:27.000 08/16/2024,42.09789300,-87.82786560,162.639,100.0,100.0,,No,238.667,21.109,239.599,,,100.0,,No,0,0
306,15:35:28.000 08/16/2024,42.09789300,-87.82786560,162.639,100.0,100.0,,No,254.736,22.323,255.712,,,100.0,,No,0,0
307,15:35:29.000 08/16/2024,42.09789300,-87.82786560,162.639,100.0,100.0,,No,271.152,23.560,272.174,,,100.0,,No,0,0
308,15:35:30.000 08/16/2024,42.09789300,-87.82786560,162.639,100.0,100.0,,No,287.907,24.820,288.975,,,100.0,,No,0,0
309,15:35:31.000 08/16/2024,42.09789300,-87.82786560,162.639,100.0,100.0,,No,304.996,26.102,306.111,,,100.0,,No,0,0
310,15:35:32.000 08/16/2024,42.09789300,-87.82786560,162.639,100.0,100.0,,No,322.410,27.406,323.573,,,100.0,,No,0,0
311,15:35:33.000 08/16/2024,42.09789300,-87.82786560,162.639,100.0,100.0,,No,340.145,28.733,341.356,,,100.0,,No,0,0
312,15:35:34.000 08/16/2024,42.09789300,-87.82786560,162.639,100.0,100.0,,No,358.195,30.080,359.456,,,100.0,,No,0,0
313,15:35:35.000 08/16/2024,42.09789300,-87.82786560,162.639,100.0,100.0,,No,376.554,31.448,377.865,,,100.0,,No,0,0
314,15:35:36.000 08/16/2024,42.09789300,-87.82786560,162.639,100.0,100.0,,No,395.217,32.837,396.579,,,100.0,,No,0,0
315,15:35:37.000 08/16/2024,42.09789300,-87.82786560,162.639,100.0,100.0,,No,414.179,34.247,415.592,,,100.0,,No,0,0
316,15:35:38.000 08/16/2024,42.09789300,-87.82786560,162.639,100.0,100.0,,No,433.435,35.676,434.901,,,100.0,,No,0,0
317,15:35:39.000 08/16/2024,42.09789300,-87.82786560,162.639,100.0,100.0,,No,452.982,37.125,454.501,,,100.0,,No,0,0
318,15:35:40.000 08/16/2024,42.09789300,-87.82786560,162.639,100.0,100.0,,No,472.815,38.593,474.387,,,100.0,,No,0,0
319,15:35:41.000 08/16/2024,42.09789300,-87.82786560,162.639,100.0,100.0,,No,492.929,40.081,494.556,,,100.0,,No,0,0
320,15:35:42.000 08/16/2024,42.09789300,-87.82786560,162.639,100.0,100.0,,No,513.321,41.587,515.003,,,100.0,,No,0,0
321,15:35:43.000 08/16/2024,42.09789300,-87.82786560,162.639,100.0,100.0,,No,533.988,43.112,535.726,,,100.0,,No,0,0
322,15:35:44.000 08/16/2024,42.09789300,-87.82786560,162.639,100.0,100.0,,No,554.925,44.656,556.719,,,100.0,,No,0,0
323,15:35:45.000 08/16/2024,42.09789300,-87.82786560,162.639,100.0,100.0,,No,576.129,46.218,577.980,,,100.0,,No,0,0
324,15:35:46.000 08/16/2024,42.09789300,-87.82786560,162.639,100.0,100.0,,No,597.596,47.797,599.504,,,100.0,,No,0,0
325,15:35:47.000 08/16/2024,42.09789300,-87.82786560,162.639,100.0,100.0,,No,619.325,49.395,621.292,,,100.0,,No,0,0
326,15:35:48.000 08/16/2024,42.09789300,-87.82786560,162.639,100.0,100.0,,No,641.310,51.010,643.335,,,100.0,,No,0,0
327,15:35:49.000 08/16/2024,42.09789300,-87.82786560,162.639,100.0,100.0,,No,663.550,52.642,665.635,,,100.0,,No,0,0
328,15:35:50.000 08/16/2024,42.09789300,-87.82786560,162.639,100.0,100.0,,No,686.042,54.292,688.187,,,100.0,,No,0,0
329,15:35:51.000 08/16/2024,42.09789300,-87.82786560,162.639,100.0,100.0,,No,708.783,55.959,710.989,,,100.0,,No,0,0
330,15:35:52.000 08/16/2024,42.09789300,-87.82786560,162.639,100.0,100.0,,No,731.769,57.642,734.036,,,100.0,,No,0,0
331,15:35:53.000 08/16/2024,42.09789300,-87.82786560,162.639,100.0,100.0,,No,754.999,59.343,757.328,,,100.0,,No,0,0
332,15:35:54.000 08/16/2024,42.09789300,-87.82786560,162.639,100.0,100.0,,No,778.470,61.059,780.861,,,100.0,,No,0,0
333,15:35:55.000 08/16/2024,42.09789300,-87.82786560,162.639,100.0,100.0,,No,802.180,62.792,804.634,,,100.0,,No,0,0
334,15:35:56.000 08/16/2024,42.09789300,-87.82786560,162.639,100.0,100.0,,No,826.126,64.542,828.643,,,100.0,,No,0,0
335,15:35:57.000 08/16/2024,42.09789300,-87.82786560,162.639,100.0,100.0,,No,850.305,66.307,852.886,,,100.0,,No,0,0
336,15:35:58.000 08/16/2024,42.09789300,-87.82786560,162.639,100.0,100.0,,No,874.716,68.088,877.362,,,100.0,,No,0,0
337,15:35:59.000 08/16/2024,42.09789300,-87.82786560,162.639,100.0,100.0,,No,899.357,69.885,902.068,,,100.0,,No,0,0
338,15:36:00.000 08/16/2024,42.09789300,-87.82786560,162.639,100.0,100.0,,No,924.225,71.698,927.002,,,100.0,,No,0,0
339,15:36:01.000 08/16/2024,42.09789300,-87.82786560,162.639,100.0,100.0,,No,949.318,73.526,952.161,,,100.0,,No,0,0
340,15:36:02.000 08/16/2024,42.09789300,-87.82786560,162.639,100.0,100.0,,No,974.634,75.370,977.544,,,100.0,,No,0,0
341,15:36:03.000 08/16/2024,42.09789300,-87.82786560,162.639,100.0,100.0,,No,1000.171,77.228,1003.148,,,100.0,,No,0,0
342,15:36:04.000 08/16/2024,42.09789300,-87.82786560,162.639,100.0,100.0,,No,1025.928,79.102,1028.973,,,100.0,,No,0,0
343,15:36:05.000 08/16/2024,42.09789300,-87.82786560,162.639,100.0,100.0,,No,1051.903,80.990,1055.016,,,100.0,,No,0,0
344,15:36:06.000 08/16/2024,42.09789300,-87.82786560,162.639,100.0,100.0,,No,1078.093,82.894,1081.275,,,100.0,,No,0,0
345,15:36:07.000 08/16/2024,42.09789300,-87.82786560,162.639,100.0,100.0,,No,1104.497,84.813,1107.749,,,100.0,,No,0,0
346,15:36:08.000 08/16/2024,42.09789300,-87.82786560,162.639,100.0,100.0,,No,1131.113,86.745,1134.434,,,100.0,,No,0,0
347,15:36:09.000 08/16/2024,42.09789300,-87.82786560,162.639,100.0,100.0,,No,1157.939,88.693,1161.331,,,100.0,,No,0,0
348,15:36:10.000 08/16/2024,42.09789300,-87.82786560,162.639,100.0,100.0,,No,1184.975,90.655,1188.438,,,100.0,,No,0,0
349,15:36:11.000 08/16/2024,42.09789300,-87.82786560,162.639,100.0,100.0,,No,1212.218,92.631,1215.752,,,100.0,,No,0,0
350,15:36:12.000 08/16/2024,42.09789300,-87.82786560,162.639,100.0,100.0,,No,1239.667,94.621,1243.273,,,100.0,,No,0,0
351,15:36:13.000 08/16/2024,42.09789300,-87.82786560,162.639,100.0,100.0,,No,1267.319,96.626,1270.997,,,100.0,,No,0,0
352,15:36:14.000 08/16/2024,42.09789300,-87.82786560,162.639,100.0,100.0,,No,1295.175,98.645,1298.926,,,100.0,,No,0,0
353,15:36:15.000 08/16/2024,42.09789300,-87.82786560,162.639,100.0,100.0,,No,1323.232,100.676,1327.056,,,100.0,,No,0,0
354,15:36:16.000 08/16/2024,42.09789300,-87.82786560,162.639,100.0,100.0,,No,1351.488,102.723,1355.386,,,100.0,,No,0,0
355,15:36:17.000 08/16/2024,42.09789300,-87.82786560,162.639,100.0,100.0,,No,1379.943,104.783,1383.916,,,100.0,,No,0,0
356,15:36:18.000 08/16/2024,42.09789300,-87.82786560,162.639,100.0,100.0,,No,1408.595,106.856,1412.642,,,100.0,,No,0,0
357,15:36:19.000 08/16/2024,42.09789300,-87.82786560,162.639,100.0,100.0,,No,1437.443,108.944,1441.566,,,100.0,,No,0,0
358,15:36:20.000 08/16/2024,42.09789300,-87.82786560,162.639,100.0,100.0,,No,1466.485,111.044,1470.683,,,100.0,,No,0,0
359,15:36:21.000 08/16/2024,42.09789300,-87.82786560,162.639,100.0,100.0,,No,1495.720,113.158,1499.994,,,100.0,,No,0,0
360,15:36:22.000 08/16/2024,42.09789300,-87.82786560,162.639,100.0,100.0,,No,1525.147,115.285,1529.498,,,100.0,,No,0,0
361,15:36:23.000 08/16/2024,42.09789300,-87.82786560,162.639,100.0,100.0,,No,1554.764,117.425,1559.192,,,100.0,,No,0,0
362,15:36:24.000 08/16/2024,42.09789300,-87.82786560,162.639,100.0,100.0,,No,1584.571,119.579,1589.077,,,100.0,,No,0,0
363,15:36:25.000 08/16/2024,42.09789300,-87.82786560,162.639,100.0,100.0,,No,1614.566,121.745,1619.150,,,100.0,,No,0,0
364,15:36:26.000 08/16/2024,42.09789300,-87.82786560,162.639,100.0,100.0,,No,1644.747,123.925,1649.409,,,100.0,,No,0,0
365,15:36:27.000 08/16/2024,42.09789300,-87.82786560,162.639,100.0,100.0,,No,1675.104,126.116,1679.845,,,100.0,,No,0,0
366,15:36:28.000 08/16/2024,42.09789300,-87.82786560,162.639,100.0,100.0,,No,1705.629,128.320,1710.449,,,100.0,,No,0,0
367,15:36:29.000 08/16/2024,42.09789300,-87.82786560,162.639,100.0,100.0,,No,1736.313,130.534,1741.213,,,100.0,,No,0,0
368,15:36:30.000 08/16/2024,42.09789300,-87.82786560,162.639,100.0,100.0,,No,1767.147,132.759,1772.127,,,100.0,,No,0,0
369,15:36:31.000 08/16/2024,42.09789300,-87.82786560,162.639,100.0,100.0,,No,1798.124,134.994,1803.184,,,100.0,,No,0,0
370,15:36:32.000 08/16/2024,42.09789300,-87.82786560,162.639,100.0,100.0,,No,1829.236,137.238,1834.377,,,100.0,,No,0,0
371,15:36:33.000 08/16/2024,42.09789300,-87.82786560,162.639,100.0,100.0,,No,1860.476,139.491,1865.698,,,100.0,,No,0,0
372,15:36:34.000 08/16/2024,42.09789300,-87.82786560,162.639,100.0,100.0,,No,1891.839,141.754,1897.142,,,100.0,,No,0,0
373,15:36:35.000 08/16/2024,42.09789300,-87.82786560,162.639,100.0,100.0,,No,1923.318,144.024,1928.703,,,100.0,,No,0,0
374,15:36:36.000 08/16/2024,42.09789300,-87.82786560,162.639,100.0,100.0,,No,1954.908,146.302,1960.375,,,100.0,,No,0,0
375,15:36:37.000 08/16/2024,42.09789300,-87.82786560,162.639,100.0,100.0,,No,1986.603,148.587,1992.152,,,100.0,,No,0,0
376,15:36:38.000 08/16/2024,42.09789300,-87.82786560,162.639,100.0,100.0,,No,2018.399,150.880,2024.030,,,100.0,,No,0,0
377,15:36:39.000 08/16/2024,42.09789300,-87.82786560,162.639,100.0,100.0,,No,2050.290,153.180,2056.004,,,100.0,,No,0,0
378,15:36:40.000 08/16/2024,42.09789300,-87.82786560,162.639,100.0,100.0,,No,2082.272,155.485,2088.069,,,100.0,,No,0,0
379,15:36:41.000 08/16/2024,42.09789300,-87.82786560,162.639,100.0,100.0,,No,2114.342,157.798,2120.222,,,100.0,,No,0,0
380,15:36:42.000 08/16/2024,42.09789300,-87.82786560,162.639,100.0,100.0,,No,2146.495,160.116,2152.459,,,100.0,,No,0,0
381,15:36:43.000 08/16/2024,42.09789300,-87.82786560,162.639,100.0,100.0,,No,2178.727,162.440,2184.774,,,100.0,,No,0,0
382,15:36:44.000 08/16/2024,42.09789300,-87.82786560,162.639,100.0,100.0,,No,2211.036,164.769,2217.167,,,100.0,,No,0,0
383,15:36:45.000 08/16/2024,42.09789300,-87.82786560,162.639,100.0,100.0,,No,2243.417,167.103,2249.632,,,100.0,,No,0,0
384,15:36:46.000 08/16/2024,42.09789300,-87.82786560,162.639,100.0,100.0,,No,2275.869,169.443,2282.168,,,100.0,,No,0,0
385,15:36:47.000 08/16/2024,42.09789300,-87.82786560,162.639,100.0,100.0,,No,2308.386,171.787,2314.769,,,100.0,,No,0,0
386,15:36:48.000 08/16/2024,42.09789300,-87.82786560,162.639,100.0,100.0,,No,2340.968,174.136,2347.436,,,100.0,,No,0,0
387,15:36:49.000 08/16/2024,42.09789300,-87.82786560,162.639,100.0,100.0,,No,2373.611,176.489,2380.163,,,100.0,,No,0,0
388,15:36:50.000 08/16/2024,42.09789300,-87.82786560,162.639,100.0,100.0,,No,2406.313,178.848,2412.950,,,100.0,,No,0,0
389,15:36:51.000 08/16/2024,42.09789300,-87.82786560,162.639,100.0,100.0,,No,2439.072,181.209,2445.794,,,100.0,,No,0,0
390,15:36:52.000 08/16/2024,42.09789300,-87.82786560,162.639,100.0,100.0,,No,2471.885,183.574,2478.692,,,100.0,,No,0,0
391,15:36:53.000 08/16/2024,42.09789300,-87.82786560,162.639,100.0,100.0,,No,2504.750,185.944,2511.642,,,100.0,,No,0,0
392,15:36:54.000 08/16/2024,42.09789300,-87.82786560,162.639,100.0,100.0,,No,2537.665,188.317,2544.643,,,100.0,,No,0,0
393,15:36:55.000 08/16/2024,42.09789300,-87.82786560,162.639,100.0,100.0,,No,2570.628,190.694,2577.691,,,100.0,,No,0,0
394,15:36:56.000 08/16/2024,42.09789300,-87.82786560,162.639,100.0,100.0,,No,2603.638,193.074,2610.787,,,100.0,,No,0,0
395,15:36:57.000 08/16/2024,42.09789300,-87.82786560,162.639,100.0,100.0,,No,2636.692,195.457,2643.927,,,100.0,,No,0,0
396,15:36:58.000 08/16/2024,42.09789300,-87.82786560,162.639,100.0,100.0,,No,2669.788,197.843,2677.108,,,100.0,,No,0,0
397,15:36:59.000 08/16/2024,42.09789300,-87.82786560,162.639,100.0,100.0,,No,2702.926,200.232,2710.332,,,100.0,,No,0,0
398,15:37:00.000 08/16/2024,42.09789300,-87.82786560,162.639,100.0,100.0,,No,2736.105,202.625,2743.598,,,100.0,,No,0,0
399,15:37:01.000 08/16/2024,42.09789300,-87.82786560,162.639,100.0,100.0,,No,2769.321,205.020,2776.900,,,100.0,,No,0,0
400,15:37:02.000 08/16/2024,42.09789300,-87.82786560,162.639,100.0,100.0,,No,2802.575,207.417,2810.240,,,100.0,,No,0,0
401,15:37:03.000 08/16/2024,42.09789300,-87.82786560,162.639,100.0,100.0,,No,2835.864,209.817,2843.615,,,100.0,,No,0,0
402,15:37:04.000 08/16/2024,42.09789300,-87.82786560,162.639,100.0,100.0,,No,2869.188,212.221,2877.026,,,100.0,,No,0,0
403,15:37:05.000 08/16/2024,42.09789300,-87.82786560,162.639,100.0,100.0,,No,2902.545,214.626,2910.469,,,100.0,,No,0,0
404,15:37:06.000 08/16/2024,42.09789300,-87.82786560,162.639,100.0,100.0,,No,2935.934,217.034,2943.945,,,100.0,,No,0,0
405,15:37:07.000 08/16/2024,42.09789300,-87.82786560,162.639,100.0,100.0,,No,2969.354,219.444,2977.452,,,100.0,,No,0,0
406,15:37:08.000 08/16/2024,42.09789300,-87.82786560,162.639,100.0,100.0,,No,3002.805,221.856,3010.990,,,100.0,,No,0,0
407,15:37:09.000 08/16/2024,42.09789300,-87.82786560,162.639,100.0,100.0,,No,3036.285,224.270,3044.556,,,100.0,,No,0,0
408,15:37:10.000 08/16/2024,42.09789300,-87.82786560,162.639,100.0,100.0,,No,3069.792,226.686,3078.150,,,100.0,,No,0,0
409,15:37:11.000 08/16/2024,42.09789300,-87.82786560,162.639,100.0,100.0,,No,3103.327,229.105,3111.772,,,100.0,,No,0,0
410,15:37:12.000 08/16/2024,42.09789300,-87.82786560,162.639,100.0,100.0,,No,3136.888,231.525,3145.421,,,100.0,,No,0,0
411,15:37:13.000 08/16/2024,42.09789300,-87.82786560,162.639,100.0,100.0,,No,3170.475,233.948,3179.095,,,100.0,,No,0,0
412,15:37:14.000 08/16/2024,42.09789300,-87.82786560,162.639,100.0,100.0,,No,3204.086,236.372,3212.793,,,100.0,,No,0,0
413,15:37:15.000 08/16/2024,42.09789300,-87.82786560,162.639,100.0,100.0,,No,3237.722,238.798,3246.516,,,100.0,,No,0,0
414,15:37:16.000 08/16/2024,42.09789300,-87.82786560,162.639,100.0,100.0,,No,3271.380,241.225,3280.262,,,100.0,,No,0,0
415,15:37:17.000 08/16/2024,42.09789300,-87.82786560,162.639,100.0,100.0,,No,3305.061,243.654,3314.030,,,100.0,,No,0,0
416,15:37:18.000 08/16/2024,42.09789300,-87.82786560,162.639,100.0,100.0,,No,3338.764,246.085,3347.821,,,100.0,,No,0,0
417,15:37:19.000 08/16/2024,42.09789300,-87.82786560,162.639,100.0,100.0,,No,3372.488,248.518,3381.632,,,100.0,,No,0,0
418,15:37:20.000 08/16/2024,42.09789300,-87.82786560,162.639,100.0,100.0,,No,3406.232,250.951,3415.464,,,100.0,,No,0,0
419,15:37:21.000 08/16/2024,42.09789300,-87.82786560,162.639,100.0,100.0,,No,3439.996,253.387,3449.316,,,100.0,,No,0,0
420,15:37:22.000 08/16/2024,42.09789300,-87.82786560,162.639,100.0,100.0,,No,3473.780,255.824,3483.187,,,100.0,,No,0,0
421,15:37:23.000 08/16/2024,42.09789300,-87.82786560,162.639,100.0,100.0,,No,3507.582,258.262,3517.077,,,100.0,,No,0,0
422,15:37:24.000 08/16/2024,42.09789300,-87.82786560,162.639,100.0,100.0,,No,3541.403,260.701,3550.986,,,100.0,,No,0,0
423,15:37:25.000 08/16/2024,42.09789300,-87.82786560,162.639,100.0,100.0,,No,3575.242,263.142,3584.913,,,100.0,,No,0,0
424,15:37:26.000 08/16/2024,42.09789300,-87.82786560,162.639,100.0,100.0,,No,3609.097,265.584,3618.856,,,100.0,,No,0,0
425,15:37:27.000 08/16/2024,42.09789300,-87.82786560,162.639,100.0,100.0,,No,3642.970,268.028,3652.817,,,100.0,,No,0,0
426,15:37:28.000 08/16/2024,42.09789300,-87.82786560,162.639,100.0,100.0,,No,3676.859,270.473,3686.794,,,100.0,,No,0,0
427,15:37:29.000 08/16/2024,42.09789300,-87.82786560,162.639,100.0,100.0,,No,3710.763,272.918,3720.786,,,100.0,,No,0,0
428,15:37:30.000 08/16/2024,42.09789300,-87.82786560,162.639,100.0,100.0,,No,3744.683,275.365,3754.794,,,100.0,,No,0,0
429,15:37:31.000 08/16/2024,42.09789300,-87.82786560,162.639,100.0,100.0,,No,3778.618,277.813,3788.817,,,100.0,,No,0,0
430,15:37:32.000 08/16/2024,42.09789300,-87.82786560,162.639,100.0,100.0,,No,3812.568,280.262,3822.855,,,100.0,,No,0,0
431,15:37:33.000 08/16/2024,42.09789300,-87.82786560,162.639,100.0,100.0,,No,3846.531,282.712,3856.906,,,100.0,,No,0,0
432,15:37:34.000 08/16/2024,42.09789300,-87.82786560,162.639,100.0,100.0,,No,3880.508,285.163,3890.972,,,100.0,,No,0,0
433,15:37:35.000 08/16/2024,42.09789300,-87.82786560,162.639,100.0,100.0,,No,3914.500,287.616,3925.052,,,100.0,,No,0,0
434,15:37:36.000 08/16/2024,42.09789300,-87.82786560,162.639,100.0,100.0,,No,3948.504,290.070,3959.144,,,100.0,,No,0,0
435,15:37:37.000 08/16/2024,42.09789300,-87.82786560,162.639,100.0,100.0,,No,3982.520,292.524,3993.249,,,100.0,,No,0,0
436,15:37:38.000 08/16/2024,42.09789300,-87.82786560,162.639,100.0,100.0,,No,4016.550,294.980,4027.367,,,100.0,,No,0,0
437,15:37:39.000 08/16/2024,42.09789300,-87.82786560,162.639,100.0,100.0,,No,4050.591,297.435,4061.497,,,100.0,,No,0,0
438,15:37:40.000 08/16/2024,42.09789300,-87.82786560,162.639,100.0,100.0,,No,4084.645,299.892,4095.639,,,100.0,,No,0,0
439,15:37:41.000 08/16/2024,42.09789300,-87.82786560,162.639,100.0,100.0,,No,4118.710,302.350,4129.793,,,100.0,,No,0,0
440,15:37:42.000 08/16/2024,42.09789300,-87.82786560,162.639,100.0,100.0,,No,4152.786,304.809,4163.957,,,100.0,,No,0,0
441,15:37:43.000 08/16/2024,42.09789300,-87.82786560,162.639,100.0,100.0,,No,4186.873,307.268,4198.133,,,100.0,,No,0,0
442,15:37:44.000 08/16/2024,42.09789300,-87.82786560,162.639,100.0,100.0,,No,4220.971,309.728,4232.319,,,100.0,,No,0,0
443,15:37:45.000 08/16/2024,42.09789300,-87.82786560,162.639,100.0,100.0,,No,4255.079,312.190,4266.516,,,100.0,,No,0,0
444,15:37:46.000 08/16/2024,42.09789300,-87.82786560,162.639,100.0,100.0,,No,4289.198,314.651,4300.724,,,100.0,,No,0,0
445,15:37:47.000 08/16/2024,42.09789300,-87.82786560,162.639,100.0,100.0,,No,4323.326,317.114,4334.940,,,100.0,,No,0,0
446,15:37:48.000 08/16/2024,42.09789300,-87.82786560,162.639,100.0,100.0,,No,4357.464,319.577,4369.167,,,100.0,,No,0,0
447,15:37:49.000 08/16/2024,42.09789300,-87.82786560,162.639,100.0,100.0,,No,4391.612,322.041,4403.404,,,100.0,,No,0,0
448,15:37:50.000 08/16/2024,42.09789300,-87.82786560,162.639,100.0,100.0,,No,4425.769,324.507,4437.650,,,100.0,,No,0,0
449,15:37:51.000 08/16/2024,42.09789300,-87.82786560,162.639,100.0,100.0,,No,4459.935,326.971,4471.905,,,100.0,,No,0,0
450,15:37:52.000 08/16/2024,42.09789300,-87.82786560,162.639,100.0,100.0,,No,4494.110,329.438,4506.168,,,100.0,,No,0,0
451,15:37:53.000 08/16/2024,42.09789300,-87.82786560,162.639,100.0,100.0,,No,4528.294,331.905,4540.441,,,100.0,,No,0,0
452,15:37:54.000 08/16/2024,42.09789300,-87.82786560,162.639,100.0,100.0,,No,4562.486,334.371,4574.722,,,100.0,,No,0,0
453,15:37:55.000 08/16/2024,42.09789300,-87.82786560,162.639,100.0,100.0,,No,4596.686,336.840,4609.011,,,100.0,,No,0,0
454,15:37:56.000 08/16/2024,42.09789300,-87.82786560,162.639,100.0,100.0,,No,4630.894,339.309,4643.308,,,100.0,,No,0,0
455,15:37:57.000 08/16/2024,42.09789300,-87.82786560,162.639,100.0,100.0,,No,4665.111,341.779,4677.614,,,100.0,,No,0,0
456,15:37:58.000 08/16/2024,42.09789300,-87.82786560,162.639,100.0,100.0,,No,4699.335,344.248,4711.927,,,100.0,,No,0,0
457,15:37:59.000 08/16/2024,42.09789300,-87.82786560,162.639,100.0,100.0,,No,4733.566,346.719,4746.247,,,100.0,,No,0,0
458,15:38:00.000 08/16/2024,42.09789300,-87.82786560,162.639,100.0,100.0,,No,4767.805,349.190,4780.575,,,100.0,,No,0,0
459,15:38:01.000 08/16/2024,42.09789300,-87.82786560,162.639,100.0,100.0,,No,4802.052,351.661,4814.911,,,100.0,,No,0,0
460,15:38:02.000 08/16/2024,42.09789300,-87.82786560,162.639,100.0,100.0,,No,4836.305,354.134,4849.253,,,100.0,,No,0,0
461,15:38:03.000 08/16/2024,42.09789300,-87.82786560,162.639,100.0,100.0,,No,4870.566,356.606,4883.603,,,100.0,,No,0,0
462,15:38:04.000 08/16/2024,42.09789300,-87.82786560,162.639,100.0,100.0,,No,4904.833,359.080,4917.959,,,100.0,,No,0,0
463,15:38:05.000 08/16/2024,42.09789300,-87.82786560,162.639,100.0,100.0,,No,4939.108,361.553,4952.324,,,100.0,,No,0,0
464,15:38:06.000 08/16/2024,42.09789300,-87.82786560,162.639,100.0,100.0,,No,4973.388,364.027,4986.693,,,100.0,,No,0,0
465,15:38:07.000 08/16/2024,42.09789300,-87.82786560,162.639,100.0,100.0,,No,5007.675,366.502,5021.069,,,100.0,,No,0,0
466,15:38:08.000 08/16/2024,42.09789300,-87.82786560,162.639,100.0,100.0,,No,5041.968,368.977,5055.451,,,100.0,,No,0,0
467,15:38:09.000 08/16/2024,42.09789300,-87.82786560,162.639,100.0,100.0,,No,5076.267,371.452,5089.839,,,100.0,,No,0,0
468,15:38:10.000 08/16/2024,42.09789300,-87.82786560,162.639,100.0,100.0,,No,5110.572,373.928,5124.233,,,100.0,,No,0,0
469,15:38:11.000 08/16/2024,42.09789300,-87.82786560,162.639,100.0,100.0,,No,5144.884,376.405,5158.635,,,100.0,,No,0,0
470,15:38:12.000 08/16/2024,42.09789300,-87.82786560,162.639,100.0,100.0,,No,5179.200,378.881,5193.040,,,100.0,,No,0,0
471,15:38:13.000 08/16/2024,42.09789300,-87.82786560,162.639,100.0,100.0,,No,5213.523,381.359,5227.452,,,100.0,,No,0,0
472,15:38:14.000 08/16/2024,42.09789300,-87.82786560,162.639,100.0,100.0,,No,5247.851,383.836,5261.869,,,100.0,,No,0,0
473,15:38:15.000 08/16/2024,42.09789300,-87.82786560,162.639,100.0,100.0,,No,5282.184,386.314,5296.292,,,100.0,,No,0,0
474,15:38:16.000 08/16/2024,42.09789300,-87.82786560,162.639,100.0,100.0,,No,5316.523,388.794,5330.720,,,100.0,,No,0,0
475,15:38:17.000 08/16/2024,42.09789300,-87.82786560,162.639,100.0,100.0,,No,5350.867,391.272,5365.153,,,100.0,,No,0,0
476,15:38:18.000 08/16/2024,42.09789300,-87.82786560,162.639,100.0,100.0,,No,5385.216,393.752,5399.592,,,100.0,,No,0,0
477,15:38:19.000 08/16/2024,42.09789300,-87.82786560,162.639,100.0,100.0,,No,5419.571,396.231,5434.036,,,100.0,,No,0,0
478,15:38:20.000 08/16/2024,42.09789300,-87.82786560,162.639,100.0,100.0,,No,5453.930,398.712,5468.485,,,100.0,,No,0,0
479,15:38:21.000 08/16/2024,42.09789300,-87.82786560,162.639,100.0,100.0,,No,5488.294,401.192,5502.938,,,100.0,,No,0,0
480,15:38:22.000 08/16/2024,42.09789300,-87.82786560,162.639,100.0,100.0,,No,5522.663,403.673,5537.396,,,100.0,,No,0,0
481,15:38:23.000 08/16/2024,42.09789300,-87.82786560,162.639,100.0,100.0,,No,5557.036,406.153,5571.859,,,100.0,,No,0,0
482,15:38:24.000 08/16/2024,42.09789300,-87.82786560,162.639,100.0,100.0,,No,5591.415,408.635,5606.327,,,100.0,,No,0,0
483,15:38:25.000 08/16/2024,42.09789300,-87.82786560,162.639,100.0,100.0,,No,5625.797,411.117,5640.799,,,100.0,,No,0,0
484,15:38:26.000 08/16/2024,42.09789300,-87.82786560,162.639,100.0,100.0,,No,5660.184,413.600,5675.275,,,100.0,,No,0,0
485,15:38:27.000 08/16/2024,42.09789300,-87.82786560,162.639,100.0,100.0,,No,5694.576,416.082,5709.757,,,100.0,,No,0,0
486,15:38:28.000 08/16/2024,42.09789300,-87.82786560,162.639,100.0,100.0,,No,5728.971,418.566,5744.241,,,100.0,,No,0,0
487,15:38:29.000 08/16/2024,42.09789300,-87.82786560,162.639,100.0,100.0,,No,5763.371,421.048,5778.731,,,100.0,,No,0,0
488,15:38:30.000 08/16/2024,42.09789300,-87.82786560,162.639,100.0,100.0,,No,5797.775,423.532,5813.224,,,100.0,,No,0,0
489,15:38:31.000 08/16/2024,42.09789300,-87.82786560,162.639,100.0,100.0,,No,5832.183,426.015,5847.722,,,100.0,,No,0,0
490,15:38:32.000 08/16/2024,42.09789300,-87.82786560,162.639,100.0,100.0,,No,5866.595,428.499,5882.223,,,100.0,,No,0,0
491,15:38:33.000 08/16/2024,42.09789300,-87.82786560,162.639,100.0,100.0,,No,5901.011,430.985,5916.729,,,100.0,,No,0,0
492,15:38:34.000 08/16/2024,42.09789300,-87.82786560,162.639,100.0,100.0,,No,5935.431,433.469,5951.238,,,100.0,,No,0,0
493,15:38:35.000 08/16/2024,42.09789300,-87.82786560,162.639,100.0,100.0,,No,5969.854,435.954,5985.751,,,100.0,,No,0,0
494,15:38:36.000 08/16/2024,42.09789300,-87.82786560,162.639,100.0,100.0,,No,6004.281,438.439,6020.267,,,100.0,,No,0,0
495,15:38:37.000 08/16/2024,42.09789300,-87.82786560,162.639,100.0,100.0,,No,6038.712,440.925,6054.788,,,100.0,,No,0,0
496,15:38:38.000 08/16/2024,42.09789300,-87.82786560,162.639,100.0,100.0,,No,6073.146,443.409,6089.311,,,100.0,,No,0,0
497,15:38:39.000 08/16/2024,42.09789300,-87.82786560,162.639,100.0,100.0,,No,6107.584,445.897,6123.839,,,100.0,,No,0,0
498,15:38:40.000 08/16/2024,42.09789300,-87.82786560,162.639,100.0,100.0,,No,6142.025,448.382,6158.370,,,100.0,,No,0,0
499,15:38:41.000 08/16/2024,42.09789300,-87.82786560,162.639,100.0,100.0,,No,6176.470,450.869,6192.904,,,100.0,,No,0,0
500,15:38:42.000 08/16/2024,42.09789300,-87.82786560,162.639,100.0,100.0,,No,6210.918,453.356,6227.442,,,100.0,,No,0,0
501,15:38:43.000 08/16/2024,42.09789300,-87.82786560,162.639,100.0,100.0,,No,6245.369,455.844,6261.983,,,100.0,,No,0,0
502,15:38:44.000 08/16/2024,42.09789300,-87.82786560,162.639,100.0,100.0,,No,6279.824,458.331,6296.527,,,100.0,,No,0,0
503,15:38:45.000 08/16/2024,42.09789300,-87.82786560,162.639,100.0,100.0,,No,6314.282,460.818,6331.075,,,100.0,,No,0,0
504,15:38:46.000 08/16/2024,42.09789300,-87.82786560,162.639,100.0,100.0,,No,6348.742,463.305,6365.625,,,100.0,,No,0,0
505,15:38:47.000 08/16/2024,42.09789300,-87.82786560,162.639,100.0,100.0,,No,6383.207,465.795,6400.179,,,100.0,,No,0,0
506,15:38:48.000 08/16/2024,42.09789300,-87.82786560,162.639,100.0,100.0,,No,6417.674,468.282,6434.736,,,100.0,,No,0,0
507,15:38:49.000 08/16/2024,42.09789300,-87.82786560,162.639,100.0,100.0,,No,6452.143,470.771,6469.295,,,100.0,,No,0,0
508,15:38:50.000 08/16/2024,42.09789300,-87.82786560,162.639,100.0,100.0,,No,6486.616,473.260,6503.857,,,100.0,,No,0,0
509,15:38:51.000 08/16/2024,42.09789300,-87.82786560,162.639,100.0,100.0,,No,6521.092,475.750,6538.423,,,100.0,,No,0,0
510,15:38:52.000 08/16/2024,42.09789300,-87.82786560,162.639,100.0,100.0,,No,6555.571,478.239,6572.992,,,100.0,,No,0,0
511,15:38:53.000 08/16/2024,42.09789300,-87.82786560,162.639,100.0,100.0,,No,6590.052,480.727,6607.563,,,100.0,,No,0,0
512,15:38:54.000 08/16/2024,42.09789300,-87.82786560,162.639,100.0,100.0,,No,6624.536,483.217,6642.136,,,100.0,,No,0,0
513,15:38:55.000 08/16/2024,42.09789300,-87.82786560,162.639,100.0,100.0,,No,6659.023,485.706,6676.713,,,100.0,,No,0,0
514,15:38:56.000 08/16/2024,42.09789300,-87.82786560,162.639,100.0,100.0,,No,6693.512,488.198,6711.292,,,100.0,,No,0,0
515,15:38:57.000 08/16/2024,42.09789300,-87.82786560,162.639,100.0,100.0,,No,6728.005,490.686,6745.875,,,100.0,,No,0,0
516,15:38:58.000 08/16/2024,42.09789300,-87.82786560,162.639,100.0,100.0,,No,6762.499,493.177,6780.458,,,100.0,,No,0,0
517,15:38:59.000 08/16/2024,42.09789300,-87.82786560,162.639,100.0,100.0,,No,6796.997,495.667,6815.046,,,100.0,,No,0,0
518,15:39:00.000 08/16/2024,42.09789300,-87.82786560,162.639,100.0,100.0,,No,6831.497,498.159,6849.636,,,100.0,,No,0,0
519,15:39:01.000 08/16/2024,42.09789300,-87.82786560,162.639,100.0,100.0,,No,6865.999,500.650,6884.228,,,100.0,,No,0,0
520,15:39:02.000 08/16/2024,42.09789300,-87.82786560,162.639,100.0,100.0,,No,6900.503,503.141,6918.822,,,100.0,,No,0,0
521,15:39:03.000 08/16/2024,42.09789300,-87.82786560,162.639,100.0,100.0,,No,6935.011,505.633,6953.419,,,100.0,,No,0,0
522,15:39:04.000 08/16/2024,42.09789300,-87.82786560,162.639,100.0,100.0,,No,6969.520,508.124,6988.018,,,100.0,,No,0,0
523,15:39:05.000 08/16/2024,42.09789300,-87.82786560,162.639,100.0,100.0,,No,7004.031,510.616,7022.619,,,100.0,,No,0,0
524,15:39:06.000 08/16/2024,42.09789300,-87.82786560,162.639,100.0,100.0,,No,7038.546,513.108,7057.224,,,100.0,,No,0,0
525,15:39:07.000 08/16/2024,42.09789300,-87.82786560,162.639,100.0,100.0,,No,7073.062,515.600,7091.830,,,100.0,,No,0,0
526,15:39:08.000 08/16/2024,42.09789300,-87.82786560,162.639,100.0,100.0,,No,7107.581,518.092,7126.439,,,100.0,,No,0,0
527,15:39:09.000 08/16/2024,42.09789300,-87.82786560,162.639,100.0,100.0,,No,7142.101,520.584,7161.048,,,100.0,,No,0,0
528,15:39:10.000 08/16/2024,42.09789300,-87.82786560,162.639,100.0,100.0,,No,7176.624,523.077,7195.661,,,100.0,,No,0,0
529,15:39:11.000 08/16/2024,42.09789300,-87.82786560,162.639,100.0,100.0,,No,7211.149,525.569,7230.276,,,100.0,,No,0,0
530,15:39:12.000 08/16/2024,42.09789300,-87.82786560,162.639,100.0,100.0,,No,7245.676,528.063,7264.893,,,100.0,,No,0,0
531,15:39:13.000 08/16/2024,42.09789300,-87.82786560,162.639,100.0,100.0,,No,7280.205,530.557,7299.512,,,100.0,,No,0,0
532,15:39:14.000 08/16/2024,42.09789300,-87.82786560,162.639,100.0,100.0,,No,7314.736,533.049,7334.133,,,100.0,,No,0,0
533,15:39:15.000 08/16/2024,42.09789300,-87.82786560,162.639,100.0,100.0,,No,7349.270,535.541,7368.757,,,100.0,,No,0,0
534,15:39:16.000 08/16/2024,42.09789300,-87.82786560,162.639,100.0,100.0,,No,7383.804,538.035,7403.381,,,100.0,,No,0,0
535,15:39:17.000 08/16/2024,42.09789300,-87.82786560,162.639,100.0,100.0,,No,7418.342,540.530,7438.009,,,100.0,,No,0,0
536,15:39:18.000 08/16/2024,42.09789300,-87.82786560,162.639,100.0,100.0,,No,7452.881,543.023,7472.637,,,100.0,,No,0,0
537,15:39:19.000 08/16/2024,42.09789300,-87.82786560,162.639,100.0,100.0,,No,7487.422,545.516,7507.268,,,100.0,,No,0,0
538,15:39:20.000 08/16/2024,42.09789300,-87.82786560,162.639,100.0,100.0,,No,7521.965,548.011,7541.901,,,100.0,,No,0,0
539,15:39:21.000 08/16/2024,42.09789300,-87.82786560,162.639,100.0,100.0,,No,7556.509,550.505,7576.535,,,100.0,,No,0,0
540,15:39:22.000 08/16/2024,42.09789300,-87.82786560,162.639,100.0,100.0,,No,7591.056,553.000,7611.172,,,100.0,,No,0,0
541,15:39:23.000 08/16/2024,42.09789300,-87.82786560,162.639,100.0,100.0,,No,7625.604,555.494,7645.810,,,100.0,,No,0,0
542,15:39:24.000 08/16/2024,42.09789300,-87.82786560,162.639,100.0,100.0,,No,7660.154,557.989,7680.450,,,100.0,,No,0,0
543,15:39:25.000 08/16/2024,42.09789300,-87.82786560,162.639,100.0,100.0,,No,7694.706,560.484,7715.092,,,100.0,,No,0,0
544,15:39:26.000 08/16/2024,42.09789300,-87.82786560,162.639,100.0,100.0,,No,7729.260,562.979,7749.736,,,100.0,,No,0,0
545,15:39:27.000 08/16/2024,42.09789300,-87.82786560,162.639,100.0,100.0,,No,7763.815,565.472,7784.381,,,100.0,,No,0,0
546,15:39:28.000 08/16/2024,42.09789300,-87.82786560,162.639,100.0,100.0,,No,7798.372,567.968,7819.028,,,100.0,,No,0,0
547,15:39:29.000 08/16/2024,42.09789300,-87.82786560,162.639,100.0,100.0,,No,7832.930,570.465,7853.676,,,100.0,,No,0,0
548,15:39:30.000 08/16/2024,42.09789300,-87.82786560,162.639,100.0,100.0,,No,7867.491,572.960,7888.327,,,100.0,,No,0,0
549,15:39:31.000 08/16/2024,42.09789300,-87.82786560,162.639,100.0,100.0,,No,7902.052,575.455,7922.978,,,100.0,,No,0,0
550,15:39:32.000 08/16/2024,42.09789300,-87.82786560,162.639,100.0,100.0,,No,7936.616,577.950,7957.632,,,100.0,,No,0,0
551,15:39:33.000 08/16/2024,42.09789300,-87.82786560,162.639,100.0,100.0,,No,7971.181,580.447,7992.287,,,100.0,,No,0,0
552,15:39:34.000 08/16/2024,42.09789300,-87.82786560,162.639,100.0,100.0,,No,8005.748,582.944,8026.944,,,100.0,,No,0,0
553,15:39:35.000 08/16/2024,42.09789300,-87.82786560,162.639,100.0,100.0,,No,8040.316,585.439,8061.602,,,100.0,,No,0,0
554,15:39:36.000 08/16/2024,42.09789300,-87.82786560,162.639,100.0,100.0,,No,8074.886,587.935,8096.262,,,100.0,,No,0,0
555,15:39:37.000 08/16/2024,42.09789300,-87.82786560,162.639,100.0,100.0,,No,8109.457,590.430,8130.922,,,100.0,,No,0,0
556,15:39:38.000 08/16/2024,42.09789300,-87.82786560,162.639,100.0,100.0,,No,8144.029,592.927,8165.585,,,100.0,,No,0,0
557,15:39:39.000 08/16/2024,42.09789300,-87.82786560,162.639,100.0,100.0,,No,8178.603,595.425,8200.249,,,100.0,,No,0,0
558,15:39:40.000 08/16/2024,42.09789300,-87.82786560,162.639,100.0,100.0,,No,8213.179,597.920,8234.915,,,100.0,,No,0,0
559,15:39:41.000 08/16/2024,42.09789300,-87.82786560,162.639,100.0,100.0,,No,8247.756,600.417,8269.582,,,100.0,,No,0,0
560,15:39:42.000 08/16/2024,42.09789300,-87.82786560,162.639,100.0,100.0,,No,8282.334,602.913,8304.250,,,100.0,,No,0,0
561,15:39:43.000 08/16/2024,42.09789300,-87.82786560,162.639,100.0,100.0,,No,8316.914,605.411,8338.920,,,100.0,,No,0,0
562,15:39:44.000 08/16/2024,42.09789300,-87.82786560,162.639,100.0,100.0,,No,8351.495,607.909,8373.591,,,100.0,,No,0,0
563,15:39:45.000 08/16/2024,42.09789300,-87.82786560,162.639,100.0,100.0,,No,8386.077,610.405,8408.263,,,100.0,,No,0,0
564,15:39:46.000 08/16/2024,42.09789300,-87.82786560,162.639,100.0,100.0,,No,8420.662,612.904,8442.938,,,100.0,,No,0,0
565,15:39:47.000 08/16/2024,42.09789300,-87.82786560,162.639,100.0,100.0,,No,8455.246,615.400,8477.612,,,100.0,,No,0,0
566,15:39:48.000 08/16/2024,42.09789300,-87.82786560,162.639,100.0,100.0,,No,8489.832,617.898,8512.288,,,100.0,,No,0,0
567,15:39:49.000 08/16/2024,42.09789300,-87.82786560,162.639,100.0,100.0,,No,8524.422,620.396,8546.968,,,100.0,,No,0,0
568,15:39:50.000 08/16/2024,42.09789300,-87.82786560,162.639,100.0,100.0,,No,8559.010,622.894,8581.646,,,100.0,,No,0,0
569,15:39:51.000 08/16/2024,42.09789300,-87.82786560,162.639,100.0,100.0,,No,8593.600,625.391,8616.326,,,100.0,,No,0,0
570,15:39:52.000 08/16/2024,42.09789300,-87.82786560,162.639,100.0,100.0,,No,8628.192,627.889,8651.008,,,100.0,,No,0,0
571,15:39:53.000 08/16/2024,42.09789300,-87.82786560,162.639,100.0,100.0,,No,8662.784,630.388,8685.690,,,100.0,,No,0,0
572,15:39:54.000 08/16/2024,42.09878120,-87.83057000,162.506,4.6,4.5,INVALID,No,1176.055,6.413,1176.072,,,1.0,,Yes,5,0
573,15:39:55.000 08/16/2024,42.09838720,-87.82994240,177.686,100.0,100.0,,No,2970.497,2476.887,3867.664,,,100.0,,No,0,0
574,15:39:56.000 08/16/2024,42.09799320,-87.82931480,192.867,100.0,100.0,,No,2980.610,2486.154,3881.365,,,100.0,,No,0,0
575,15:39:57.000 08/16/2024,42.09759920,-87.82868720,208.049,100.0,100.0,,No,2997.400,2501.525,3904.105,,,100.0,,No,0,0
576,15:39:58.000 08/16/2024,42.09720520,-87.82805960,223.231,100.0,100.0,,No,3020.756,2522.888,3935.725,,,100.0,,No,0,0
577,15:39:59.000 08/16/2024,42.09681110,-87.82743200,238.415,100.0,100.0,,No,3050.527,2550.091,3976.013,,,100.0,,No,0,0
578,15:40:00.000 08/16/2024,42.09641710,-87.82680450,253.599,100.0,100.0,,No,3086.526,2582.952,4024.709,,,100.0,,No,0,0
579,15:40:01.000 08/16/2024,42.09602310,-87.82617690,268.783,100.0,100.0,,No,3128.541,2621.257,4081.514,,,100.0,,No,0,0
580,15:40:02.000 08/16/2024,42.09562910,-87.82554940,283.969,100.0,100.0,,No,3176.330,2664.771,4146.092,,,100.0,,No,0,0
581,15:40:03.000 08/16/2024,42.09523510,-87.82492180,299.155,100.0,100.0,,No,3229.640,2713.244,4218.088,,,100.0,,No,0,0
582,15:40:04.000 08/16/2024,42.09484100,-87.82429430,314.342,100.0,100.0,,No,3288.200,2766.414,4297.128,,,100.0,,No,0,0
583,15:40:05.000 08/16/2024,42.09444700,-87.82366680,329.529,100.0,100.0,,No,3351.735,2824.017,4382.830,,,100.0,,No,0,0
584,15:40:06.000 08/16/2024,42.09444700,-87.82366680,329.529,100.0,100.0,,No,3419.967,2885.790,4474.814,,,100.0,,No,0,0
585,15:40:07.000 08/16/2024,42.09444700,-87.82366680,329.529,100.0,100.0,,No,3492.622,2951.468,4572.699,,,100.0,,No,0,0
586,15:40:08.000 08/16/2024,42.09444700,-87.82366680,329.529,100.0,100.0,,No,3569.430,3020.797,4676.114,,,100.0,,No,0,0
587,15:40:09.000 08/16/2024,42.09444700,-87.82366680,329.529,100.0,100.0,,No,3650.129,3093.531,4784.702,,,100.0,,No,0,0
588,15:40:10.000 08/16/2024,42.09444700,-87.82366680,329.529,100.0,100.0,,No,3734.466,3169.436,4898.118,,,100.0,,No,0,0
589,15:40:11.000 08/16/2024,42.09444700,-87.82366680,329.529,100.0,100.0,,No,3822.201,3248.290,5016.035,,,100.0,,No,0,0
590,15:40:12.000 08/16/2024,42.09444700,-87.82366680,329.529,100.0,100.0,,No,3913.105,3329.883,5138.143,,,100.0,,No,0,0
591,15:40:13.000 08/16/2024,42.09444700,-87.82366680,329.529,100.0,100.0,,No,4006.962,3414.019,5264.150,,,100.0,,No,0,0
592,15:40:14.000 08/16/2024,42.09444700,-87.82366680,329.529,100.0,100.0,,No,4103.570,3500.514,5393.782,,,100.0,,No,0,0
593,15:40:15.000 08/16/2024,42.09444700,-87.82366680,329.529,100.0,100.0,,No,4202.740,3589.198,5526.786,,,100.0,,No,0,0
594,15:40:16.000 08/16/2024,42.09444700,-87.82366680,329.529,100.0,100.0,,No,4304.294,3679.913,5662.924,,,100.0,,No,0,0
595,15:40:17.000 08/16/2024,42.09444700,-87.82366680,329.529,100.0,100.0,,No,4408.067,3772.511,5801.973,,,100.0,,No,0,0
596,15:40:18.000 08/16/2024,42.09444700,-87.82366680,329.529,100.0,100.0,,No,4513.906,3866.859,5943.732,,,100.0,,No,0,0
597,15:40:19.000 08/16/2024,42.09444700,-87.82366680,329.529,100.0,100.0,,No,4621.669,3962.830,6088.008,,,100.0,,No,0,0
598,15:40:20.000 08/16/2024,42.09444700,-87.82366680,329.529,100.0,100.0,,No,4731.225,4060.310,6234.630,,,100.0,,No,0,0
599,15:40:21.000 08/16/2024,42.09444700,-87.82366680,329.529,100.0,100.0,,No,4842.453,4159.193,6383.435,,,100.0,,No,0,0
600,15:40:22.000 08/16/2024,42.09444700,-87.82366680,329.529,100.0,100.0,,No,4955.240,4259.380,6534.273,,,100.0,,No,0,0
601,15:40:23.000 08/16/2024,42.09444700,-87.82366680,329.529,100.0,100.0,,No,5069.480,4360.783,6687.006,,,100.0,,No,0,0
602,15:40:24.000 08/16/2024,42.09444700,-87.82366680,329.529,100.0,100.0,,No,5185.079,4463.318,6841.509,,,100.0,,No,0,0
603,15:40:25.000 08/16/2024,42.09444700,-87.82366680,329.529,100.0,100.0,,No,5301.948,4566.908,6997.664,,,100.0,,No,0,0
604,15:40:26.000 08/16/2024,42.09444700,-87.82366680,329.529,100.0,100.0,,No,5420.004,4671.485,7155.363,,,100.0,,No,0,0
605,15:40:27.000 08/16/2024,42.09444700,-87.82366680,329.529,100.0,100.0,,No,5539.172,4776.983,7314.506,,,100.0,,No,0,0
606,15:40:28.000 08/16/2024,42.09444700,-87.82366680,329.529,100.0,100.0,,No,5659.381,4883.342,7475.000,,,100.0,,No,0,0
607,15:40:29.000 08/16/2024,42.09444700,-87.82366680,329.529,100.0,100.0,,No,5780.566,4990.507,7636.760,,,100.0,,No,0,0
608,15:40:30.000 08/16/2024,42.09444700,-87.82366680,329.529,100.0,100.0,,No,5902.668,5098.427,7799.708,,,100.0,,No,0,0
609,15:40:31.000 08/16/2024,42.09444700,-87.82366680,329.529,100.0,100.0,,No,6025.630,5207.055,7963.770,,,100.0,,No,0,0
610,15:40:32.000 08/16/2024,42.09444700,-87.82366680,329.529,100.0,100.0,,No,6149.401,5316.349,8128.881,,,100.0,,No,0,0
611,15:40:33.000 08/16/2024,42.09444700,-87.82366680,329.529,100.0,100.0,,No,6273.933,5426.268,8294.976,,,100.0,,No,0,0
612,15:40:34.000 08/16/2024,42.09444700,-87.82366680,329.529,100.0,100.0,,No,6399.182,5536.774,8461.997,,,100.0,,No,0,0
613,15:40:35.000 08/16/2024,42.09444700,-87.82366680,329.529,100.0,100.0,,No,6525.106,5647.833,8629.891,,,100.0,,No,0,0
614,15:40:36.000 08/16/2024,42.09444700,-87.82366680,329.529,100.0,100.0,,No,6651.667,5759.413,8798.609,,,100.0,,No,0,0
615,15:40:37.000 08/16/2024,42.09444700,-87.82366680,329.529,100.0,100.0,,No,6778.830,5871.485,8968.103,,,100.0,,No,0,0
616,15:40:38.000 08/16/2024,42.09444700,-87.82366680,329.529,100.0,100.0,,No,6906.559,5984.020,9138.329,,,100.0,,No,0,0
617,15:40:39.000 08/16/2024,42.09444700,-87.82366680,329.529,100.0,100.0,,No,7034.827,6096.993,9309.249,,,100.0,,No,0,0
618,15:40:40.000 08/16/2024,42.09444700,-87.82366680,329.529,100.0,100.0,,No,7163.604,6210.382,9480.826,,,100.0,,No,0,0
619,15:40:41.000 08/16/2024,42.09444700,-87.82366680,329.529,100.0,100.0,,No,7292.861,6324.161,9653.022,,,100.0,,No,0,0
620,15:40:42.000 08/16/2024,42.09444700,-87.82366680,329.529,100.0,100.0,,No,7422.574,6438.312,9825.806,,,100.0,,No,0,0
621,15:40:43.000 08/16/2024,42.09444700,-87.82366680,329.529,100.0,100.0,,No,7552.720,6552.814,9999.147,,,100.0,,No,0,0
622,15:40:44.000 08/16/2024,42.09444700,-87.82366680,329.529,100.0,100.0,,No,7683.277,6667.650,10173.018,,,100.0,,No,0,0
623,15:40:45.000 08/16/2024,42.09444700,-87.82366680,329.529,100.0,100.0,,No,7814.224,6782.803,10347.392,,,100.0,,No,0,0
624,15:40:46.000 08/16/2024,42.09444700,-87.82366680,329.529,100.0,100.0,,No,7945.542,6898.257,10522.243,,,100.0,,No,0,0
625,15:40:47.000 08/16/2024,42.09444700,-87.82366680,329.529,100.0,100.0,,No,8077.213,7013.996,10697.547,,,100.0,,No,0,0
626,15:40:48.000 08/16/2024,42.09444700,-87.82366680,329.529,100.0,100.0,,No,8209.219,7130.008,10873.283,,,100.0,,No,0,0
627,15:40:49.000 08/16/2024,42.09444700,-87.82366680,329.529,100.0,100.0,,No,8341.545,7246.279,11049.431,,,100.0,,No,0,0
628,15:40:50.000 08/16/2024,42.09444700,-87.82366680,329.529,100.0,100.0,,No,8474.178,7362.796,11225.972,,,100.0,,No,0,0
629,15:40:51.000 08/16/2024,42.09804533,-87.82838333,135.500,5.4,3.5,3D,Yes,54.764,75.952,93.637,,,4.1,,Yes,8,0
630,15:40:52.000 08/16/2024,42.09800683,-87.82830183,138.700,5.0,3.1,3D,Yes,32.703,34.714,47.692,,,3.9,,Yes,9,0
631,15:40:53.000 08/16/2024,42.09789550,-87.82803500,168.000,1.4,0.9,3D,Yes,17.440,19.805,26.389,,,1.0,,Yes,21,1
632,15:40:54.000 08/16/2024,42.09787650,-87.82801500,170.200,1.3,0.8,3D,Yes,11.002,13.966,17.779,,,1.0,,Yes,24,1
633,15:40:55.000 08/16/2024,42.09787000,-87.82801567,168.300,1.2,0.8,3D,Yes,7.324,10.189,12.548,,,1.0,,Yes,26,1
634,15:40:56.000 08/16/2024,42.09787000,-87.82802117,167.500,1.2,0.8,3D,Yes,5.461,8.378,10.001,,,1.0,,Yes,25,1
635,15:40:57.000 08/16/2024,42.09786850,-87.82802800,166.500,1.2,0.8,3D,Yes,4.044,6.423,7.590,,,1.0,,Yes,24,1
636,15:40:58.000 08/16/2024,42.09787117,-87.82803500,165.900,1.4,0.8,3D,Yes,3.254,5.620,6.494,,,1.1,,Yes,22,1
637,15:40:59.000 08/16/2024,42.09787417,-87.82804333,165.400,1.4,0.8,3D,Yes,2.736,4.975,5.678,,,1.1,,Yes,23,1
638,15:41:00.000 08/16/2024,42.09787917,-87.82805250,164.500,1.4,0.8,3D,Yes,2.351,4.151,4.771,,,1.1,,Yes,24,1
639,15:41:01.000 08/16/2024,42.09788450,-87.82806233,163.800,1.4,0.8,3D,Yes,2.120,3.645,4.217,,,1.1,,Yes,24,1
640,15:41:02.000 08/16/2024,42.09789083,-87.82806933,163.000,1.4,0.8,3D,Yes,1.885,3.361,3.854,,,1.1,,Yes,24,1
641,15:41:03.000 08/16/2024,42.09789833,-87.82807583,161.600,1.4,0.8,3D,Yes,1.706,2.838,3.311,,,1.1,,Yes,24,1
642,15:41:04.000 08/16/2024,42.09790550,-87.82808117,160.700,1.4,0.8,3D,Yes,1.552,2.557,2.991,,,1.1,,Yes,24,1
643,15:41:05.000 08/16/2024,42.09791300,-87.82808683,160.200,1.6,0.9,3D,Yes,1.428,2.334,2.736,,,1.4,,Yes,23,1
644,15:41:06.000 08/16/2024,42.09792083,-87.82809267,159.500,1.3,0.8,3D,Yes,1.329,2.153,2.530,,,1.1,,Yes,24,1
645,15:41:07.000 08/16/2024,42.09792967,-87.82809967,158.800,1.3,0.8,3D,Yes,1.248,1.983,2.343,,,1.1,,Yes,24,1
646,15:41:08.000 08/16/2024,42.09794033,-87.82810600,158.200,1.4,0.8,3D,Yes,1.184,1.887,2.228,,,1.1,,Yes,24,1
647,15:41:09.000 08/16/2024,42.09795117,-87.82811283,158.000,1.4,0.8,3D,Yes,1.093,1.917,2.207,,,1.1,,Yes,24,1
648,15:41:10.000 08/16/2024,42.09796117,-87.82812033,157.000,1.3,0.8,3D,Yes,1.056,1.820,2.104,,,1.0,,Yes,25,1
649,15:41:11.000 08/16/2024,42.09797083,-87.82812750,156.100,1.2,0.8,3D,Yes,1.021,1.732,2.011,,,1.0,,Yes,25,1
650,15:41:12.000 08/16/2024,42.09797933,-87.82813350,155.100,1.2,0.8,3D,Yes,0.986,1.593,1.873,,,1.0,,Yes,25,1
651,15:41:13.000 08/16/2024,42.09798667,-87.82813867,154.300,1.3,0.8,3D,Yes,0.938,1.469,1.743,,,1.1,,Yes,25,1
652,15:41:14.000 08/16/2024,42.09799267,-87.82814567,154.200,1.4,0.9,3D,Yes,0.956,1.470,1.754,,,1.1,,Yes,24,1
653,15:41:15.000 08/16/2024,42.09799567,-87.82815250,154.100,1.4,0.9,3D,Yes,1.194,1.595,1.992,,,1.1,,Yes,22,0
654,15:41:16.000 08/16/2024,42.09799783,-87.82815483,154.100,1.7,1.1,3D,Yes,1.736,1.790,2.494,,,1.3,,Yes,16,0
655,15:41:17.000 08/16/2024,42.09799983,-87.82815733,154.100,4.1,2.6,3D,Yes,2.350,2.052,3.120,,,3.1,,Yes,14,0
656,15:41:18.000 08/16/2024,42.09800067,-87.82815817,154.100,4.1,2.6,3D,Yes,2.857,2.357,3.704,,,3.1,,Yes,13,0
657,15:41:19.000 08/16/2024,42.09800117,-87.82815933,154.200,4.1,2.6,3D,Yes,3.333,2.703,4.291,,,3.1,,Yes,12,0
658,15:41:20.000 08/16/2024,42.09800117,-87.82816050,154.300,4.1,2.6,3D,Yes,3.855,3.110,4.953,,,3.1,,Yes,11,0
659,15:41:21.000 08/16/2024,42.09800067,-87.82815917,154.400,4.8,3.3,3D,Yes,4.375,3.548,5.633,,,3.5,,Yes,9,0
660,15:41:22.000 08/16/2024,42.09800533,-87.82816200,154.100,4.1,2.6,3D,Yes,4.947,4.007,6.366,,,3.1,,Yes,10,0
661,15:41:23.000 08/16/2024,42.09800717,-87.82816317,154.000,4.1,2.6,3D,Yes,5.538,4.479,7.123,,,3.1,,Yes,10,0
662,15:41:24.000 08/16/2024,42.09800600,-87.82816400,154.000,4.1,2.6,3D,Yes,6.113,4.951,7.866,,,3.1,,Yes,10,0
663,15:41:25.000 08/16/2024,42.09800467,-87.82816600,154.000,4.1,2.6,3D,Yes,6.667,5.421,8.593,,,3.1,,Yes,10,0
664,15:41:26.000 08/16/2024,42.09800383,-87.82816917,153.800,4.1,2.6,3D,Yes,7.217,5.893,9.317,,,3.1,,Yes,10,0
665,15:41:27.000 08/16/2024,42.09800367,-87.82817400,153.500,4.1,2.6,3D,Yes,7.758,6.360,10.032,,,3.1,,Yes,10,0
666,15:41:28.000 08/16/2024,42.09800067,-87.82817367,153.800,4.1,2.6,3D,Yes,8.080,6.659,10.470,,,3.1,,Yes,10,0
667,15:41:29.000 08/16/2024,42.09800017,-87.82817333,153.900,4.1,2.6,3D,Yes,8.286,6.927,10.800,,,3.1,,Yes,11,0
668,15:41:30.000 08/16/2024,42.09800000,-87.82817200,154.000,4.1,2.6,3D,Yes,8.480,7.190,11.118,,,3.1,,Yes,10,0
669,15:41:31.000 08/16/2024,42.09799850,-87.82816917,154.300,4.1,2.6,3D,Yes,8.697,7.412,11.427,,,3.1,,Yes,11,0
670,15:41:32.000 08/16/2024,42.09799883,-87.82817033,154.300,4.1,2.6,3D,Yes,8.964,7.659,11.790,,,3.1,,Yes,10,0
671,15:41:33.000 08/16/2024,42.09799817,-87.82817000,154.500,4.1,2.6,3D,Yes,9.300,7.986,12.258,,,3.1,,Yes,10,0
672,15:41:34.000 08/16/2024,42.09799900,-87.82817133,154.500,4.1,2.6,3D,Yes,9.642,8.299,12.722,,,3.1,,Yes,10,0
673,15:41:35.000 08/16/2024,42.09799867,-87.82817117,154.700,4.1,2.6,3D,Yes,9.972,8.619,13.181,,,3.1,,Yes,11,0
674,15:41:36.000 08/16/2024,42.09799950,-87.82817333,154.600,4.1,2.6,3D,Yes,10.109,8.729,13.356,,,3.1,,Yes,10,0
675,15:41:37.000 08/16/2024,42.09800133,-87.82817617,154.500,3.6,2.5,3D,Yes,10.268,8.820,13.536,,,2.7,,Yes,10,0
676,15:41:38.000 08/16/2024,42.09800350,-87.82817767,154.600,3.6,2.5,3D,Yes,10.534,9.028,13.873,,,2.7,,Yes,11,0
677,15:41:39.000 08/16/2024,42.09800633,-87.82818083,154.400,3.5,2.3,3D,Yes,10.644,9.114,14.013,,,2.6,,Yes,11,0
678,15:41:40.000 08/16/2024,42.09800633,-87.82818100,154.500,3.5,2.3,3D,Yes,10.718,9.171,14.106,,,2.6,,Yes,11,0
679,15:41:41.000 08/16/2024,42.09800800,-87.82818367,154.300,3.5,2.3,3D,Yes,10.795,9.251,14.217,,,2.6,,Yes,11,0
680,15:41:42.000 08/16/2024,42.09800667,-87.82818167,154.700,4.2,2.8,3D,Yes,10.905,9.355,14.368,,,3.1,,Yes,9,0
681,15:41:43.000 08/16/2024,42.09800667,-87.82818183,154.700,4.1,2.6,3D,Yes,11.121,9.541,14.653,,,3.1,,Yes,9,0
682,15:41:44.000 08/16/2024,42.09800800,-87.82818350,154.700,4.1,2.9,3D,Yes,11.273,9.645,14.836,,,3.0,,Yes,9,0
683,15:41:45.000 08/16/2024,42.09800567,-87.82818017,155.100,4.1,2.9,3D,Yes,11.404,9.739,14.997,,,3.0,,Yes,9,0
684,15:41:46.000 08/16/2024,42.09800667,-87.82818150,155.100,4.1,2.6,3D,Yes,11.578,9.896,15.231,,,3.1,,Yes,9,0
685,15:41:47.000 08/16/2024,42.09800717,-87.82818200,155.100,4.1,2.6,3D,Yes,11.764,10.062,15.480,,,3.1,,Yes,9,0
686,15:41:48.000 08/16/2024,42.09800917,-87.82818400,155.000,4.1,2.9,3D,Yes,11.942,10.224,15.721,,,3.0,,Yes,9,0
687,15:41:49.000 08/16/2024,42.09800867,-87.82818317,155.100,3.5,2.3,3D,Yes,12.077,10.360,15.912,,,2.6,,Yes,9,0
688,15:41:50.000 08/16/2024,42.09800867,-87.82818300,155.200,3.5,2.3,3D,Yes,12.282,10.525,16.175,,,2.6,,Yes,9,0
689,15:41:51.000 08/16/2024,42.09800983,-87.82818433,155.200,3.7,2.5,3D,Yes,12.534,10.704,16.483,,,2.7,,Yes,7,0
690,15:41:52.000 08/16/2024,42.09800900,-87.82818283,155.400,3.7,2.5,3D,Yes,12.793,10.882,16.795,,,2.7,,Yes,7,0
691,15:41:53.000 08/16/2024,42.09800800,-87.82818083,155.600,4.2,2.8,3D,Yes,13.047,11.064,17.107,,,3.1,,Yes,6,0
692,15:41:54.000 08/16/2024,42.09800917,-87.82818200,155.600,4.2,2.8,3D,Yes,13.273,11.227,17.384,,,3.1,,Yes,7,0
693,15:41:55.000 08/16/2024,42.09800983,-87.82818250,155.700,4.2,2.8,3D,Yes,13.396,11.303,17.527,,,3.1,,Yes,7,0
694,15:41:56.000 08/16/2024,42.09800983,-87.82818233,155.800,4.2,2.8,3D,Yes,13.615,11.462,17.797,,,3.1,,Yes,7,0
695,15:41:57.000 08/16/2024,42.09801000,-87.82818283,155.900,4.2,2.8,3D,Yes,13.517,11.384,17.672,,,3.1,,Yes,6,0
696,15:41:58.000 08/16/2024,42.09801033,-87.82818400,155.800,4.2,2.8,3D,Yes,13.310,11.242,17.422,,,3.1,,Yes,8,0
697,15:41:59.000 08/16/2024,42.09801050,-87.82818483,155.900,4.2,2.8,3D,Yes,13.142,11.147,17.233,,,3.1,,Yes,8,0
698,15:42:00.000 08/16/2024,42.09800900,-87.82818317,156.100,4.0,2.6,3D,Yes,13.009,11.072,17.083,,,3.1,,Yes,8,0
699,15:42:01.000 08/16/2024,42.09800833,-87.82818267,156.300,3.6,2.5,3D,Yes,12.975,11.057,17.047,,,2.6,,Yes,7,0
700,15:42:02.000 08/16/2024,42.09800733,-87.82818150,156.500,6.4,5.0,3D,Yes,12.962,11.043,17.028,,,4.1,,Yes,8,0
701,15:42:03.000 08/16/2024,42.09800650,-87.82818033,156.700,3.5,2.3,3D,Yes,12.899,11.008,16.958,,,2.6,,Yes,7,0
702,15:42:04.000 08/16/2024,42.09800633,-87.82818033,156.800,3.5,2.3,3D,Yes,12.862,10.994,16.920,,,2.6,,Yes,7,0
703,15:42:05.000 08/16/2024,42.09800633,-87.82818100,156.800,4.2,2.8,3D,Yes,12.839,10.982,16.895,,,3.1,,Yes,7,0
704,15:42:06.000 08/16/2024,42.09800583,-87.82818100,156.900,4.2,2.8,3D,Yes,12.832,10.986,16.892,,,3.1,,Yes,7,0
705,15:42:07.000 08/16/2024,42.09800633,-87.82818217,156.800,4.2,2.8,3D,Yes,12.816,10.982,16.878,,,3.1,,Yes,7,0
706,15:42:08.000 08/16/2024,42.09800600,-87.82818200,156.900,4.2,2.8,3D,Yes,12.814,10.985,16.878,,,3.1,,Yes,6,0
707,15:42:09.000 08/16/2024,42.09800450,-87.82818083,157.100,3.7,2.5,3D,Yes,12.798,10.971,16.857,,,2.7,,Yes,6,0
708,15:42:10.000 08/16/2024,42.09800583,-87.82818333,156.900,3.7,2.5,3D,Yes,12.785,10.960,16.840,,,2.7,,Yes,6,0
709,15:42:11.000 08/16/2024,42.09800583,-87.82818417,156.900,3.7,2.5,3D,Yes,12.795,10.970,16.854,,,2.7,,Yes,6,0
710,15:42:12.000 08/16/2024,42.09800600,-87.82818533,156.800,3.7,2.5,3D,Yes,12.791,10.971,16.851,,,2.7,,Yes,6,0
711,15:42:13.000 08/16/2024,42.09800733,-87.82818767,156.700,3.7,2.5,3D,Yes,12.806,10.985,16.872,,,2.7,,Yes,6,0
712,15:42:14.000 08/16/2024,42.09800950,-87.82819017,156.600,4.1,2.6,3D,Yes,12.810,11.000,16.885,,,3.1,,Yes,6,0
713,15:42:15.000 08/16/2024,42.09800967,-87.82819067,156.600,4.1,2.6,3D,Yes,12.816,11.015,16.899,,,3.1,,Yes,6,0
714,15:42:16.000 08/16/2024,42.09800983,-87.82819167,156.600,4.1,2.6,3D,Yes,12.823,11.030,16.914,,,3.1,,Yes,6,0
715,15:42:17.000 08/16/2024,42.09800950,-87.82819200,156.600,4.2,2.8,3D,Yes,12.879,11.073,16.985,,,3.1,,Yes,6,0
716,15:42:18.000 08/16/2024,42.09800950,-87.82819350,156.600,3.7,2.5,3D,Yes,12.913,11.088,17.020,,,2.7,,Yes,6,0
717,15:42:19.000 08/16/2024,42.09800733,-87.82819217,156.800,3.7,2.5,3D,Yes,12.939,11.099,17.047,,,2.7,,Yes,7,0
718,15:42:20.000 08/16/2024,42.09800617,-87.82819117,156.900,4.2,2.8,3D,Yes,12.980,11.128,17.097,,,3.1,,Yes,7,0
719,15:42:21.000 08/16/2024,42.09800317,-87.82818817,157.200,4.2,2.8,3D,Yes,13.004,11.148,17.128,,,3.1,,Yes,7,0
