Index,UTC,Lat,Lon,Alt (HAE),PDOP,HDOP,VDOP,Fix type (GPS),SVs Used,Carrier Range Status,RTK Fix Type
0,15:49:28.000 ??/??/????,42.09789150,-87.82833250,,1.2,0.8,0.9,3D,29,1,Float
1,15:49:29.000 08/16/2024,42.09789133,-87.82833283,159.400,1.2,0.8,0.9,3D,29,1,Float
2,15:49:30.000 08/16/2024,42.09789150,-87.82833317,159.400,1.2,0.8,0.9,3D,29,1,Float
3,15:49:31.000 08/16/2024,42.09789167,-87.82833367,159.400,1.2,0.8,0.9,3D,29,1,Float
4,15:49:32.000 08/16/2024,42.09789167,-87.82833383,159.400,1.2,0.8,0.9,3D,29,1,Float
5,15:49:33.000 08/16/2024,42.09789167,-87.82833400,159.400,1.2,0.8,0.9,3D,29,1,Float
6,15:49:34.000 08/16/2024,42.09789167,-87.82833417,159.400,1.2,0.8,0.9,3D,29,1,Float
7,15:49:35.000 08/16/2024,42.09789150,-87.82833433,159.400,1.2,0.8,0.9,3D,29,1,Float
8,15:49:36.000 08/16/2024,42.09789150,-87.82833450,159.400,1.2,0.8,0.9,3D,29,1,Float
9,15:49:37.000 08/16/2024,42.09789150,-87.82833467,159.400,1.2,0.8,0.9,3D,29,1,Float
10,15:49:38.000 08/16/2024,42.09789150,-87.82833467,159.300,1.2,0.8,0.9,3D,29,1,Float
11,15:49:39.000 08/16/2024,42.09789150,-87.82833483,159.300,1.2,0.8,0.9,3D,29,1,Float
12,15:49:40.000 08/16/2024,42.09789150,-87.82833483,159.300,1.2,0.8,0.9,3D,29,1,Float
13,15:49:41.000 08/16/2024,42.09789150,-87.82833483,159.300,1.2,0.8,0.9,3D,29,1,Float
14,15:49:42.000 08/16/2024,42.09789167,-87.82833500,159.300,1.2,0.8,0.9,3D,29,1,Float
15,15:49:43.000 08/16/2024,42.09789150,-87.82833517,159.300,1.2,0.8,0.9,3D,29,1,Float
16,15:49:44.000 08/16/2024,42.09789150,-87.82833517,159.200,1.2,0.8,0.9,3D,29,1,Float
17,15:49:45.000 08/16/2024,42.09789150,-87.82833517,159.200,1.2,0.8,0.9,3D,29,1,Float
18,15:49:46.000 08/16/2024,42.09789150,-87.82833533,159.200,1.2,0.8,0.9,3D,29,1,Float
19,15:49:47.000 08/16/2024,42.09789150,-87.82833533,159.200,1.2,0.8,0.9,3D,29,1,Float
20,15:49:48.000 08/16/2024,42.09789150,-87.82833550,159.200,1.2,0.8,0.9,3D,29,1,Float
21,15:49:49.000 08/16/2024,42.09789150,-87.82833550,159.200,1.2,0.8,0.9,3D,29,1,Float
22,15:49:50.000 08/16/2024,42.09789150,-87.82833583,159.100,1.2,0.8,0.9,3D,29,1,Float
23,15:49:51.000 08/16/2024,42.09789150,-87.82833583,159.000,1.2,0.8,0.9,3D,29,1,Float
24,15:49:52.000 08/16/2024,42.09789133,-87.82833583,159.000,1.2,0.8,0.9,3D,29,1,Float
25,15:49:53.000 08/16/2024,42.09789150,-87.82833567,159.100,1.2,0.8,0.9,3D,29,1,Float
26,15:49:54.000 08/16/2024,42.09789150,-87.82833533,159.100,1.2,0.8,0.9,3D,29,1,Float
27,15:49:55.000 08/16/2024,42.09789167,-87.82833517,159.100,1.2,0.8,0.9,3D,29,1,Float
28,15:49:56.000 08/16/2024,42.09789150,-87.82833483,159.100,1.2,0.8,0.9,3D,29,1,Float
29,15:49:57.000 08/16/2024,42.09789150,-87.82833467,159.100,1.2,0.8,0.9,3D,29,1,Float
30,15:49:58.000 08/16/2024,42.09789150,-87.82833450,159.200,1.2,0.8,0.9,3D,29,1,Float
31,15:49:59.000 08/16/2024,42.09789133,-87.82833417,159.200,1.2,0.8,0.9,3D,29,1,Float
32,15:50:00.000 08/16/2024,42.09789117,-87.82833400,159.200,1.2,0.8,0.9,3D,29,1,Float
33,15:50:01.000 08/16/2024,42.09789117,-87.82833367,159.200,1.2,0.8,0.9,3D,29,1,Float
34,15:50:02.000 08/16/2024,42.09789117,-87.82833350,159.200,1.2,0.8,0.9,3D,29,1,Float
35,15:50:03.000 08/16/2024,42.09789133,-87.82833300,159.200,1.2,0.8,0.9,3D,29,1,Float
36,15:50:04.000 08/16/2024,42.09789117,-87.82833267,159.200,1.2,0.8,0.9,3D,29,1,Float
37,15:50:05.000 08/16/2024,42.09789117,-87.82833233,159.200,1.2,0.8,0.9,3D,29,1,Float
38,15:50:06.000 08/16/2024,42.09789117,-87.82833233,159.200,1.2,0.8,0.9,3D,29,1,Float
39,15:50:07.000 08/16/2024,42.09789117,-87.82833217,159.200,1.2,0.8,0.9,3D,29,1,Float
40,15:50:08.000 08/16/2024,42.09789117,-87.82833200,159.200,1.2,0.8,0.9,3D,29,1,Float
41,15:50:09.000 08/16/2024,42.09789100,-87.82833200,159.200,1.2,0.8,0.9,3D,29,1,Float
42,15:50:10.000 08/16/2024,42.09789100,-87.82833183,159.200,1.2,0.8,0.9,3D,29,1,Float
43,15:50:11.000 08/16/2024,42.09789083,-87.82833167,159.200,1.2,0.8,0.9,3D,29,1,Float
44,15:50:12.000 08/16/2024,42.09789083,-87.82833167,159.200,1.2,0.8,0.9,3D,29,1,Float
45,15:50:13.000 08/16/2024,42.09789067,-87.82833183,159.200,1.2,0.8,0.9,3D,29,1,Float
46,15:50:14.000 08/16/2024,42.09789067,-87.82833183,159.200,1.2,0.8,0.9,3D,29,1,Float
47,15:50:15.000 08/16/2024,42.09789050,-87.82833200,159.200,1.2,0.8,0.9,3D,29,1,Float
48,15:50:16.000 08/16/2024,42.09789033,-87.82833200,159.200,1.2,0.8,0.9,3D,29,1,Float
49,15:50:17.000 08/16/2024,42.09789033,-87.82833217,159.200,1.2,0.8,0.9,3D,29,1,Float
50,15:50:18.000 08/16/2024,42.09789033,-87.82833217,159.200,1.2,0.8,0.9,3D,29,1,Float
51,15:50:19.000 08/16/2024,42.09789000,-87.82833233,159.300,1.2,0.8,0.9,3D,29,1,Float
52,15:50:20.000 08/16/2024,42.09788650,-87.82833050,160.000,1.2,0.8,0.9,3D,28,1,Float
53,15:50:21.000 08/16/2024,42.09787950,-87.82833017,160.400,1.2,0.8,0.9,3D,29,1,Float
54,15:50:22.000 08/16/2024,42.09787267,-87.82833433,160.500,1.2,0.8,0.9,3D,29,1,Float
55,15:50:23.000 08/16/2024,42.09786833,-87.82834450,160.500,1.2,0.8,0.9,3D,29,1,Float
56,15:50:24.000 08/16/2024,42.09786733,-87.82835767,160.500,1.2,0.8,0.9,3D,28,1,Float
57,15:50:25.000 08/16/2024,42.09786883,-87.82837183,160.500,1.2,0.8,0.9,3D,28,1,Float
58,15:50:26.000 08/16/2024,42.09787233,-87.82838483,160.500,1.2,0.8,0.9,3D,28,1,Float
59,15:50:27.000 08/16/2024,42.09787900,-87.82839533,160.200,1.2,0.8,0.9,3D,27,1,Float
60,15:50:28.000 08/16/2024,42.09788333,-87.82839900,159.700,1.3,0.8,1.0,3D,27,1,Float
61,15:50:29.000 08/16/2024,42.09788367,-87.82839833,159.500,1.3,0.8,1.0,3D,27,1,Float
62,15:50:30.000 08/16/2024,42.09788367,-87.82839817,159.300,1.2,0.8,0.9,3D,27,1,Float
63,15:50:31.000 08/16/2024,42.09788350,-87.82839783,159.300,1.2,0.8,0.9,3D,28,1,Float
64,15:50:32.000 08/16/2024,42.09788350,-87.82839800,159.300,1.2,0.8,0.9,3D,28,1,Float
65,15:50:33.000 08/16/2024,42.09788350,-87.82839800,159.300,1.2,0.8,0.9,3D,28,1,Float
66,15:50:34.000 08/16/2024,42.09788333,-87.82839817,159.400,1.2,0.8,0.9,3D,29,1,Float
67,15:50:35.000 08/16/2024,42.09788333,-87.82839817,159.400,1.2,0.8,0.9,3D,29,1,Float
68,15:50:36.000 08/16/2024,42.09788333,-87.82839817,159.400,1.2,0.8,0.9,3D,29,1,Float
69,15:50:37.000 08/16/2024,42.09788317,-87.82839817,159.400,1.2,0.8,0.9,3D,29,1,Float
70,15:50:38.000 08/16/2024,42.09788300,-87.82839833,159.400,1.2,0.8,0.9,3D,29,1,Float
71,15:50:39.000 08/16/2024,42.09788283,-87.82839850,159.400,1.2,0.8,0.9,3D,29,1,Float
72,15:50:40.000 08/16/2024,42.09788283,-87.82839867,159.400,1.2,0.8,0.9,3D,29,1,Float
73,15:50:41.000 08/16/2024,42.09788283,-87.82839867,159.400,1.2,0.8,0.9,3D,29,1,Float
74,15:50:42.000 08/16/2024,42.09788283,-87.82839883,159.400,1.2,0.8,0.9,3D,29,1,Float
75,15:50:43.000 08/16/2024,42.09788283,-87.82839900,159.400,1.2,0.8,0.9,3D,29,1,Float
76,15:50:44.000 08/16/2024,42.09788267,-87.82839900,159.500,1.2,0.8,0.9,3D,29,1,Float
77,15:50:45.000 08/16/2024,42.09788267,-87.82839917,159.500,1.2,0.8,0.9,3D,29,1,Float
78,15:50:46.000 08/16/2024,42.09788267,-87.82839917,159.500,1.2,0.8,0.9,3D,29,1,Float
79,15:50:47.000 08/16/2024,42.09788267,-87.82839917,159.500,1.2,0.8,0.9,3D,29,1,Float
80,15:50:48.000 08/16/2024,42.09788267,-87.82839933,159.500,1.2,0.8,0.9,3D,29,1,Float
81,15:50:49.000 08/16/2024,42.09788250,-87.82839950,159.500,1.2,0.8,0.9,3D,29,1,Float
82,15:50:50.000 08/16/2024,42.09788250,-87.82839950,159.500,1.2,0.8,0.9,3D,29,1,Float
83,15:50:51.000 08/16/2024,42.09788250,-87.82839950,159.400,1.2,0.8,0.9,3D,29,1,Float
84,15:50:52.000 08/16/2024,42.09788250,-87.82839950,159.400,1.2,0.8,0.9,3D,29,1,Float
85,15:50:53.000 08/16/2024,42.09788233,-87.82839933,159.500,1.2,0.8,0.9,3D,29,1,Float
86,15:50:54.000 08/16/2024,42.09788217,-87.82839950,159.500,1.2,0.8,0.9,3D,29,1,Float
87,15:50:55.000 08/16/2024,42.09788217,-87.82839967,159.500,1.2,0.8,0.9,3D,29,1,Float
88,15:50:56.000 08/16/2024,42.09788200,-87.82839983,159.600,1.2,0.8,0.9,3D,29,1,Float
89,15:50:57.000 08/16/2024,42.09788200,-87.82839983,159.600,1.2,0.8,0.9,3D,29,1,Float
90,15:50:58.000 08/16/2024,42.09788217,-87.82839983,159.600,1.2,0.8,0.9,3D,29,1,Float
91,15:50:59.000 08/16/2024,42.09788200,-87.82840000,159.600,1.2,0.8,0.9,3D,29,1,Float
92,15:51:00.000 08/16/2024,42.09788183,-87.82840017,159.600,1.2,0.8,0.9,3D,29,1,Float
93,15:51:01.000 08/16/2024,42.09788200,-87.82840017,159.600,1.2,0.8,0.9,3D,29,1,Float
94,15:51:02.000 08/16/2024,42.09788200,-87.82840000,159.600,1.2,0.8,0.9,3D,29,1,Float
95,15:51:03.000 08/16/2024,42.09788200,-87.82839983,159.600,1.2,0.8,0.9,3D,29,1,Float
96,15:51:04.000 08/16/2024,42.09788200,-87.82840000,159.600,1.2,0.8,0.9,3D,29,1,Float
97,15:51:05.000 08/16/2024,42.09788200,-87.82840000,159.600,1.2,0.8,0.9,3D,29,1,Float
98,15:51:06.000 08/16/2024,42.09788183,-87.82840000,159.600,1.2,0.8,0.9,3D,29,1,Float
99,15:51:07.000 08/16/2024,42.09788183,-87.82839983,159.600,1.2,0.8,0.9,3D,29,1,Float
100,15:51:08.000 08/16/2024,42.09788200,-87.82839983,159.600,1.2,0.8,0.9,3D,29,1,Float
101,15:51:09.000 08/16/2024,42.09788183,-87.82840000,159.600,1.2,0.8,0.9,3D,29,1,Float
102,15:51:10.000 08/16/2024,42.09788183,-87.82840017,159.600,1.2,0.8,0.9,3D,29,1,Float
103,15:51:11.000 08/16/2024,42.09788183,-87.82840017,159.600,1.2,0.8,0.9,3D,29,1,Float
104,15:51:12.000 08/16/2024,42.09788183,-87.82840017,159.600,1.2,0.8,0.9,3D,29,1,Float
105,15:51:13.000 08/16/2024,42.09788167,-87.82840050,159.600,1.2,0.8,0.9,3D,29,1,Float
106,15:51:14.000 08/16/2024,42.09788383,-87.82838483,159.100,1.2,0.8,0.9,3D,29,2,Fixed
107,15:51:15.000 08/16/2024,42.09788383,-87.82838500,159.100,1.2,0.8,0.9,3D,29,2,Fixed
108,15:51:16.000 08/16/2024,42.09788383,-87.82838500,159.100,1.2,0.8,0.9,3D,29,2,Fixed
109,15:51:17.000 08/16/2024,42.09788383,-87.82838500,159.100,1.2,0.8,0.9,3D,29,2,Fixed
110,15:51:18.000 08/16/2024,42.09788383,-87.82838517,159.000,1.2,0.8,0.9,3D,29,2,Fixed
111,15:51:19.000 08/16/2024,42.09788367,-87.82838550,159.000,1.2,0.8,0.9,3D,29,2,Fixed
112,15:51:20.000 08/16/2024,42.09788367,-87.82838550,159.000,1.2,0.8,0.9,3D,29,2,Fixed
113,15:51:21.000 08/16/2024,42.09788367,-87.82838550,159.000,1.2,0.8,0.9,3D,29,2,Fixed
114,15:51:22.000 08/16/2024,42.09788367,-87.82838533,159.000,1.2,0.8,0.9,3D,29,2,Fixed
115,15:51:23.000 08/16/2024,42.09788367,-87.82838550,159.000,1.2,0.8,0.9,3D,29,2,Fixed
116,15:51:24.000 08/16/2024,42.09788367,-87.82838533,159.100,1.2,0.8,0.9,3D,29,2,Fixed
117,15:51:25.000 08/16/2024,42.09788350,-87.82838550,159.100,1.2,0.8,0.9,3D,29,2,Fixed
118,15:51:26.000 08/16/2024,42.09788350,-87.82838533,159.100,1.2,0.8,0.9,3D,29,2,Fixed
119,15:51:27.000 08/16/2024,42.09788350,-87.82838550,159.100,1.2,0.8,0.9,3D,29,2,Fixed
120,15:51:28.000 08/16/2024,42.09788350,-87.82838550,159.100,1.2,0.8,0.9,3D,29,2,Fixed
121,15:51:29.000 08/16/2024,42.09788350,-87.82838533,159.100,1.2,0.8,0.9,3D,29,2,Fixed
122,15:51:30.000 08/16/2024,42.09788333,-87.82838533,159.100,1.2,0.8,0.9,3D,29,2,Fixed
123,15:51:31.000 08/16/2024,42.09788350,-87.82838533,159.100,1.2,0.8,0.9,3D,29,2,Fixed
124,15:51:32.000 08/16/2024,42.09788367,-87.82838533,159.100,1.2,0.8,0.9,3D,29,2,Fixed
125,15:51:33.000 08/16/2024,42.09788367,-87.82838533,159.100,1.2,0.8,0.9,3D,29,2,Fixed
126,15:51:34.000 08/16/2024,42.09788367,-87.82838517,159.100,1.2,0.8,0.9,3D,29,2,Fixed
127,15:51:35.000 08/16/2024,42.09788367,-87.82838533,159.100,1.2,0.8,0.9,3D,29,2,Fixed
128,15:51:36.000 08/16/2024,42.09788367,-87.82838517,159.100,1.2,0.8,0.9,3D,29,2,Fixed
129,15:51:37.000 08/16/2024,42.09788367,-87.82838517,159.100,1.2,0.8,0.9,3D,29,2,Fixed
130,15:51:38.000 08/16/2024,42.09788367,-87.82838500,159.100,1.2,0.8,0.9,3D,29,2,Fixed
131,15:51:39.000 08/16/2024,42.09788367,-87.82838517,159.100,1.2,0.8,0.9,3D,29,2,Fixed
132,15:51:40.000 08/16/2024,42.09788367,-87.82838517,159.100,1.2,0.8,0.9,3D,29,2,Fixed
133,15:51:41.000 08/16/2024,42.09788367,-87.82838517,159.100,1.2,0.8,0.9,3D,29,2,Fixed
134,15:51:42.000 08/16/2024,42.09788367,-87.82838517,159.100,1.2,0.8,0.9,3D,29,2,Fixed
135,15:51:43.000 08/16/2024,42.09788367,-87.82838517,159.000,1.2,0.8,0.9,3D,29,2,Fixed
136,15:51:44.000 08/16/2024,42.09788367,-87.82838500,159.000,1.2,0.8,0.9,3D,29,2,Fixed
137,15:51:45.000 08/16/2024,42.09788367,-87.82838500,159.100,1.2,0.8,0.9,3D,29,2,Fixed
138,15:51:46.000 08/16/2024,42.09788367,-87.82838500,159.100,1.2,0.8,0.9,3D,29,2,Fixed
139,15:51:47.000 08/16/2024,42.09788383,-87.82838500,159.000,1.2,0.8,0.9,3D,29,2,Fixed
140,15:51:48.000 08/16/2024,42.09788367,-87.82838500,159.000,1.2,0.8,0.9,3D,29,2,Fixed
141,15:51:49.000 08/16/2024,42.09788333,-87.82838550,159.000,1.2,0.8,0.9,3D,29,2,Fixed
142,15:51:50.000 08/16/2024,42.09788333,-87.82838550,159.000,1.2,0.8,0.9,3D,29,2,Fixed
143,15:51:51.000 08/16/2024,42.09788383,-87.82838467,159.200,1.2,0.8,0.9,3D,29,2,Fixed
144,15:51:52.000 08/16/2024,42.09788383,-87.82838467,159.200,1.2,0.8,0.9,3D,29,2,Fixed
145,15:51:53.000 08/16/2024,42.09788400,-87.82838467,159.200,1.2,0.8,0.9,3D,29,2,Fixed
146,15:51:54.000 08/16/2024,42.09788383,-87.82838450,159.200,1.2,0.8,0.9,3D,29,2,Fixed
147,15:51:55.000 08/16/2024,42.09788383,-87.82838450,159.300,1.2,0.8,0.9,3D,29,2,Fixed
148,15:51:56.000 08/16/2024,42.09788367,-87.82838450,159.200,1.2,0.8,0.9,3D,29,2,Fixed
149,15:51:57.000 08/16/2024,42.09788367,-87.82838450,159.200,1.2,0.8,0.9,3D,29,2,Fixed
150,15:51:58.000 08/16/2024,42.09788350,-87.82838517,159.000,1.2,0.8,0.9,3D,29,2,Fixed
151,15:51:59.000 08/16/2024,42.09788350,-87.82838517,159.000,1.2,0.8,0.9,3D,29,2,Fixed
152,15:52:00.000 08/16/2024,42.09788350,-87.82838517,159.100,1.2,0.8,0.9,3D,29,2,Fixed
153,15:52:01.000 08/16/2024,42.09788350,-87.82838517,159.100,1.2,0.8,0.9,3D,29,2,Fixed
154,15:52:02.000 08/16/2024,42.09788333,-87.82838517,159.100,1.2,0.8,0.9,3D,29,2,Fixed
155,15:52:03.000 08/16/2024,42.09788367,-87.82838450,159.200,1.2,0.8,0.9,3D,29,2,Fixed
156,15:52:04.000 08/16/2024,42.09788383,-87.82838467,159.200,1.2,0.8,0.9,3D,29,2,Fixed
157,15:52:05.000 08/16/2024,42.09788367,-87.82838450,159.200,1.2,0.8,0.9,3D,29,2,Fixed
158,15:52:06.000 08/16/2024,42.09788333,-87.82838517,159.100,1.2,0.8,0.9,3D,29,2,Fixed
159,15:52:07.000 08/16/2024,42.09788333,-87.82838533,159.100,1.2,0.8,0.9,3D,29,2,Fixed
160,15:52:08.000 08/16/2024,42.09788333,-87.82838517,159.100,1.2,0.8,0.9,3D,29,2,Fixed
161,15:52:09.000 08/16/2024,42.09788333,-87.82838517,159.100,1.2,0.8,0.9,3D,29,2,Fixed
162,15:52:10.000 08/16/2024,42.09788350,-87.82838517,159.100,1.2,0.8,0.9,3D,29,2,Fixed
163,15:52:11.000 08/16/2024,42.09788350,-87.82838467,159.200,1.2,0.8,0.9,3D,29,2,Fixed
164,15:52:12.000 08/16/2024,42.09788350,-87.82838500,159.100,1.2,0.8,0.9,3D,29,2,Fixed
165,15:52:13.000 08/16/2024,42.09788350,-87.82838483,159.100,1.2,0.8,0.9,3D,29,2,Fixed
166,15:52:14.000 08/16/2024,42.09788350,-87.82838500,159.100,1.2,0.8,0.9,3D,29,2,Fixed
167,15:52:15.000 08/16/2024,42.09788350,-87.82838483,159.100,1.2,0.8,0.9,3D,29,2,Fixed
168,15:52:16.000 08/16/2024,42.09788350,-87.82838483,159.100,1.2,0.8,0.9,3D,29,2,Fixed
169,15:52:17.000 08/16/2024,42.09788350,-87.82838483,159.100,1.2,0.8,0.9,3D,29,2,Fixed
170,15:52:18.000 08/16/2024,42.09788350,-87.82838483,159.100,1.2,0.8,0.9,3D,29,2,Fixed
171,15:52:19.000 08/16/2024,42.09788317,-87.82838533,159.100,1.2,0.8,0.9,3D,29,2,Fixed
172,15:52:20.000 08/16/2024,42.09788317,-87.82838550,159.100,1.2,0.8,0.9,3D,29,2,Fixed
173,15:52:21.000 08/16/2024,42.09788333,-87.82838500,159.200,1.2,0.8,0.9,3D,29,2,Fixed
174,15:52:22.000 08/16/2024,42.09788317,-87.82838533,159.100,1.2,0.8,0.9,3D,29,2,Fixed
175,15:52:23.000 08/16/2024,42.09788333,-87.82838517,159.100,1.2,0.8,0.9,3D,29,2,Fixed
176,15:52:24.000 08/16/2024,42.09788333,-87.82838517,159.100,1.2,0.8,0.9,3D,29,2,Fixed
177,15:52:25.000 08/16/2024,42.09788333,-87.82838517,159.100,1.2,0.8,0.9,3D,29,2,Fixed
178,15:52:26.000 08/16/2024,42.09788333,-87.82838517,159.100,1.2,0.8,0.9,3D,29,2,Fixed
179,15:52:27.000 08/16/2024,42.09788317,-87.82838500,159.200,1.2,0.8,0.9,3D,29,2,Fixed
180,15:52:28.000 08/16/2024,42.09788333,-87.82838500,159.200,1.2,0.8,0.9,3D,29,2,Fixed
181,15:52:29.000 08/16/2024,42.09788333,-87.82838500,159.200,1.2,0.8,0.9,3D,29,2,Fixed
182,15:52:30.000 08/16/2024,42.09788333,-87.82838500,159.200,1.2,0.8,0.9,3D,29,2,Fixed
183,15:52:31.000 08/16/2024,42.09788333,-87.82838500,159.200,1.2,0.8,0.9,3D,29,2,Fixed
184,15:52:32.000 08/16/2024,42.09788333,-87.82838500,159.100,1.2,0.8,0.9,3D,29,2,Fixed
185,15:52:33.000 08/16/2024,42.09788350,-87.82838483,159.200,1.2,0.8,0.9,3D,30,2,Fixed
186,15:52:34.000 08/16/2024,42.09788333,-87.82838500,159.200,1.2,0.8,0.9,3D,30,2,Fixed
187,15:52:35.000 08/16/2024,42.09788333,-87.82838483,159.200,1.2,0.8,0.9,3D,30,2,Fixed
188,15:52:36.000 08/16/2024,42.09788317,-87.82838500,159.200,1.2,0.8,0.9,3D,30,1,Float
189,15:52:37.000 08/16/2024,42.09788333,-87.82838483,159.100,1.2,0.8,0.9,3D,30,1,Float
190,15:52:38.000 08/16/2024,42.09788317,-87.82838500,159.100,1.2,0.8,0.9,3D,30,2,Fixed
191,15:52:39.000 08/16/2024,42.09788333,-87.82838500,159.100,1.2,0.8,0.9,3D,30,2,Fixed
192,15:52:40.000 08/16/2024,42.09788317,-87.82838517,159.100,1.2,0.8,0.9,3D,30,2,Fixed
193,15:52:41.000 08/16/2024,42.09788333,-87.82838517,159.100,1.2,0.8,0.9,3D,30,2,Fixed
194,15:52:42.000 08/16/2024,42.09788317,-87.82838500,159.100,1.2,0.8,0.9,3D,30,2,Fixed
195,15:52:43.000 08/16/2024,42.09788333,-87.82838500,159.100,1.2,0.8,0.9,3D,30,2,Fixed
196,15:52:44.000 08/16/2024,42.09788333,-87.82838500,159.100,1.2,0.8,0.9,3D,30,2,Fixed
197,15:52:45.000 08/16/2024,42.09788333,-87.82838500,159.100,1.2,0.8,0.9,3D,30,2,Fixed
198,15:52:46.000 08/16/2024,42.09788333,-87.82838500,159.100,1.2,0.8,0.9,3D,30,2,Fixed
199,15:52:47.000 08/16/2024,42.09788333,-87.82838500,159.100,1.2,0.8,0.9,3D,30,2,Fixed
200,15:52:48.000 08/16/2024,42.09788333,-87.82838500,159.100,1.2,0.8,0.9,3D,30,2,Fixed
201,15:52:49.000 08/16/2024,42.09788300,-87.82838550,159.100,1.2,0.8,0.9,3D,30,2,Fixed
202,15:52:50.000 08/16/2024,42.09788300,-87.82838550,159.100,1.2,0.8,0.9,3D,30,2,Fixed
203,15:52:51.000 08/16/2024,42.09788300,-87.82838567,159.100,1.2,0.8,0.9,3D,30,2,Fixed
204,15:52:52.000 08/16/2024,42.09788300,-87.82838550,159.100,1.2,0.8,0.9,3D,30,2,Fixed
205,15:52:53.000 08/16/2024,42.09788300,-87.82838550,159.100,1.2,0.8,0.9,3D,30,2,Fixed
206,15:52:54.000 08/16/2024,42.09788300,-87.82838550,159.100,1.2,0.8,0.9,3D,30,2,Fixed
207,15:52:55.000 08/16/2024,42.09788300,-87.82838550,159.100,1.2,0.8,0.9,3D,30,2,Fixed
208,15:52:56.000 08/16/2024,42.09788300,-87.82838533,159.100,1.2,0.8,0.9,3D,30,2,Fixed
209,15:52:57.000 08/16/2024,42.09788300,-87.82838533,159.100,1.2,0.8,0.9,3D,30,2,Fixed
210,15:52:58.000 08/16/2024,42.09788317,-87.82838533,159.100,1.2,0.8,0.9,3D,30,2,Fixed
211,15:52:59.000 08/16/2024,42.09788317,-87.82838533,159.100,1.2,0.8,0.9,3D,30,2,Fixed
212,15:53:00.000 08/16/2024,42.09788300,-87.82838517,159.100,1.2,0.8,0.9,3D,30,2,Fixed
213,15:53:01.000 08/16/2024,42.09788317,-87.82838517,159.100,1.2,0.8,0.9,3D,30,2,Fixed
214,15:53:02.000 08/16/2024,42.09788317,-87.82838500,159.100,1.2,0.8,0.9,3D,30,2,Fixed
215,15:53:03.000 08/16/2024,42.09788317,-87.82838500,159.100,1.2,0.8,0.9,3D,30,2,Fixed
216,15:53:04.000 08/16/2024,42.09788317,-87.82838533,159.100,1.2,0.8,0.9,3D,30,2,Fixed
217,15:53:05.000 08/16/2024,42.09788317,-87.82838533,159.100,1.2,0.8,0.9,3D,30,2,Fixed
218,15:53:06.000 08/16/2024,42.09788317,-87.82838533,159.100,1.3,0.8,1.0,3D,29,2,Fixed
219,15:53:07.000 08/16/2024,42.09788317,-87.82838533,159.100,1.3,0.8,1.0,3D,29,2,Fixed
220,15:53:08.000 08/16/2024,42.09788300,-87.82838533,159.100,1.3,0.8,1.0,3D,29,2,Fixed
221,15:53:09.000 08/16/2024,42.09788300,-87.82838533,159.100,1.3,0.8,1.0,3D,29,2,Fixed
222,15:53:10.000 08/16/2024,42.09788300,-87.82838533,159.100,1.3,0.8,1.0,3D,29,2,Fixed
223,15:53:11.000 08/16/2024,42.09788317,-87.82838533,159.100,1.3,0.8,1.0,3D,29,2,Fixed
224,15:53:12.000 08/16/2024,42.09788317,-87.82838533,159.100,1.3,0.8,1.0,3D,29,2,Fixed
225,15:53:13.000 08/16/2024,42.09788317,-87.82838517,159.100,1.3,0.8,1.0,3D,29,2,Fixed
226,15:53:14.000 08/16/2024,42.09788317,-87.82838517,159.100,1.3,0.8,1.0,3D,29,2,Fixed
227,15:53:15.000 08/16/2024,42.09788317,-87.82838517,159.100,1.3,0.8,1.0,3D,29,2,Fixed
228,15:53:16.000 08/16/2024,42.09788317,-87.82838517,159.100,1.3,0.8,1.0,3D,29,2,Fixed
229,15:53:17.000 08/16/2024,42.09788333,-87.82838500,159.100,1.3,0.8,1.0,3D,29,2,Fixed
230,15:53:18.000 08/16/2024,42.09788333,-87.82838517,159.100,1.3,0.8,1.0,3D,29,2,Fixed
231,15:53:19.000 08/16/2024,42.09788300,-87.82838567,159.100,1.3,0.8,1.0,3D,29,2,Fixed
232,15:53:20.000 08/16/2024,42.09788283,-87.82838567,159.100,1.3,0.8,1.0,3D,29,2,Fixed
233,15:53:21.000 08/16/2024,42.09788283,-87.82838567,159.100,1.3,0.8,1.0,3D,29,2,Fixed
234,15:53:22.000 08/16/2024,42.09788283,-87.82838550,159.100,1.3,0.8,1.0,3D,29,2,Fixed
235,15:53:23.000 08/16/2024,42.09788267,-87.82838550,159.100,1.3,0.8,1.0,3D,29,2,Fixed
236,15:53:24.000 08/16/2024,42.09788283,-87.82838567,159.100,1.3,0.8,1.0,3D,29,2,Fixed
237,15:53:25.000 08/16/2024,42.09788283,-87.82838567,159.100,1.3,0.8,1.0,3D,29,2,Fixed
238,15:53:26.000 08/16/2024,42.09788283,-87.82838550,159.100,1.3,0.8,1.0,3D,29,2,Fixed
239,15:53:27.000 08/16/2024,42.09788283,-87.82838550,159.100,1.3,0.8,1.0,3D,29,2,Fixed
240,15:53:28.000 08/16/2024,42.09788283,-87.82838550,159.100,1.3,0.8,1.0,3D,29,2,Fixed
241,15:53:29.000 08/16/2024,42.09788283,-87.82838533,159.200,1.3,0.8,1.0,3D,29,2,Fixed
242,15:53:30.000 08/16/2024,42.09788283,-87.82838533,159.200,1.3,0.8,1.0,3D,29,2,Fixed
243,15:53:31.000 08/16/2024,42.09788300,-87.82838517,159.200,1.3,0.8,1.0,3D,29,2,Fixed
244,15:53:32.000 08/16/2024,42.09788283,-87.82838533,159.100,1.3,0.8,1.0,3D,29,2,Fixed
245,15:53:33.000 08/16/2024,42.09788283,-87.82838533,159.100,1.3,0.8,1.0,3D,29,2,Fixed
246,15:53:34.000 08/16/2024,42.09788283,-87.82838533,159.100,1.3,0.8,1.0,3D,29,2,Fixed
247,15:53:35.000 08/16/2024,42.09788300,-87.82838517,159.200,1.3,0.8,1.0,3D,29,2,Fixed
248,15:53:36.000 08/16/2024,42.09788283,-87.82838550,159.100,1.3,0.8,1.0,3D,29,2,Fixed
249,15:53:37.000 08/16/2024,42.09788300,-87.82838533,159.100,1.3,0.8,1.0,3D,29,2,Fixed
250,15:53:38.000 08/16/2024,42.09788300,-87.82838533,159.100,1.3,0.8,1.0,3D,29,2,Fixed
251,15:53:39.000 08/16/2024,42.09788317,-87.82838550,159.100,1.3,0.8,1.0,3D,29,2,Fixed
252,15:53:40.000 08/16/2024,42.09788300,-87.82838550,159.100,1.3,0.8,1.0,3D,29,2,Fixed
253,15:53:41.000 08/16/2024,42.09788300,-87.82838550,159.100,1.3,0.8,1.0,3D,29,2,Fixed
254,15:53:42.000 08/16/2024,42.09788300,-87.82838533,159.100,1.3,0.8,1.0,3D,29,2,Fixed
255,15:53:43.000 08/16/2024,42.09788300,-87.82838550,159.100,1.3,0.8,1.0,3D,29,2,Fixed
256,15:53:44.000 08/16/2024,42.09788300,-87.82838533,159.100,1.3,0.8,1.0,3D,29,2,Fixed
257,15:53:45.000 08/16/2024,42.09788300,-87.82838533,159.100,1.3,0.8,1.0,3D,29,2,Fixed
258,15:53:46.000 08/16/2024,42.09788300,-87.82838550,159.100,1.3,0.8,1.0,3D,29,2,Fixed
259,15:53:47.000 08/16/2024,42.09788317,-87.82838533,159.100,1.3,0.8,1.0,3D,29,2,Fixed
260,15:53:48.000 08/16/2024,42.09788317,-87.82838550,159.100,1.3,0.8,1.0,3D,29,2,Fixed
261,15:53:49.000 08/16/2024,42.09788300,-87.82838550,159.000,1.3,0.8,1.0,3D,29,1,Float
262,15:53:50.000 08/16/2024,42.09788300,-87.82838550,159.000,1.3,0.8,1.0,3D,29,1,Float
263,15:53:51.000 08/16/2024,42.09788267,-87.82838583,159.100,1.3,0.8,1.0,3D,29,1,Float
264,15:53:52.000 08/16/2024,42.09788250,-87.82838567,159.200,1.3,0.8,1.0,3D,29,2,Fixed
265,15:53:53.000 08/16/2024,42.09788267,-87.82838550,159.200,1.3,0.8,1.0,3D,29,2,Fixed
266,15:53:54.000 08/16/2024,42.09788267,-87.82838550,159.200,1.3,0.8,1.0,3D,29,2,Fixed
267,15:53:55.000 08/16/2024,42.09788267,-87.82838550,159.200,1.3,0.8,1.0,3D,29,2,Fixed
268,15:53:56.000 08/16/2024,42.09788267,-87.82838550,159.200,1.3,0.8,1.0,3D,29,2,Fixed
269,15:53:57.000 08/16/2024,42.09788267,-87.82838550,159.200,1.3,0.8,1.0,3D,29,2,Fixed
270,15:53:58.000 08/16/2024,42.09788267,-87.82838550,159.200,1.3,0.8,1.0,3D,29,2,Fixed
271,15:53:59.000 08/16/2024,42.09788267,-87.82838533,159.200,1.3,0.8,1.0,3D,29,2,Fixed
272,15:54:00.000 08/16/2024,42.09788267,-87.82838533,159.200,1.3,0.8,1.0,3D,29,2,Fixed
273,15:54:01.000 08/16/2024,42.09788267,-87.82838533,159.200,1.3,0.8,1.0,3D,29,2,Fixed
274,15:54:02.000 08/16/2024,42.09788267,-87.82838533,159.200,1.3,0.8,1.0,3D,29,2,Fixed
275,15:54:03.000 08/16/2024,42.09788283,-87.82838533,159.200,1.3,0.8,1.0,3D,29,2,Fixed
276,15:54:04.000 08/16/2024,42.09788283,-87.82838533,159.200,1.3,0.8,1.0,3D,29,2,Fixed
277,15:54:05.000 08/16/2024,42.09788283,-87.82838533,159.200,1.3,0.8,1.0,3D,29,2,Fixed
278,15:54:06.000 08/16/2024,42.09788283,-87.82838517,159.200,1.3,0.8,1.0,3D,29,2,Fixed
279,15:54:07.000 08/16/2024,42.09788283,-87.82838533,159.200,1.3,0.8,1.0,3D,29,2,Fixed
280,15:54:08.000 08/16/2024,42.09788283,-87.82838533,159.200,1.3,0.8,1.0,3D,29,2,Fixed
281,15:54:09.000 08/16/2024,42.09788283,-87.82838533,159.100,1.3,0.8,1.0,3D,29,2,Fixed
282,15:54:10.000 08/16/2024,42.09788300,-87.82838517,159.100,1.3,0.8,1.0,3D,29,2,Fixed
283,15:54:11.000 08/16/2024,42.09788300,-87.82838550,159.100,1.3,0.8,1.0,3D,29,2,Fixed
284,15:54:12.000 08/16/2024,42.09788283,-87.82838567,159.100,1.3,0.8,1.0,3D,29,2,Fixed
285,15:54:13.000 08/16/2024,42.09788300,-87.82838567,159.100,1.3,0.8,1.0,3D,29,2,Fixed
286,15:54:14.000 08/16/2024,42.09788300,-87.82838550,159.100,1.3,0.8,1.0,3D,29,2,Fixed
287,15:54:15.000 08/16/2024,42.09788300,-87.82838550,159.000,1.3,0.8,1.0,3D,29,2,Fixed
288,15:54:16.000 08/16/2024,42.09788300,-87.82838550,159.100,1.3,0.8,1.0,3D,29,2,Fixed
289,15:54:17.000 08/16/2024,42.09788300,-87.82838550,159.100,1.3,0.8,1.0,3D,29,2,Fixed
290,15:54:18.000 08/16/2024,42.09788300,-87.82838550,159.100,1.3,0.8,1.0,3D,29,2,Fixed
291,15:54:19.000 08/16/2024,42.09788300,-87.82838550,159.000,1.3,0.8,1.0,3D,29,2,Fixed
292,15:54:20.000 08/16/2024,42.09788300,-87.82838517,159.100,1.3,0.8,1.0,3D,29,2,Fixed
293,15:54:21.000 08/16/2024,42.09788300,-87.82838517,159.100,1.3,0.8,1.0,3D,29,2,Fixed
294,15:54:22.000 08/16/2024,42.09788300,-87.82838517,159.100,1.3,0.8,1.0,3D,29,2,Fixed
295,15:54:23.000 08/16/2024,42.09788300,-87.82838517,159.100,1.3,0.8,1.0,3D,29,2,Fixed
296,15:54:24.000 08/16/2024,42.09788300,-87.82838500,159.100,1.3,0.8,1.0,3D,29,2,Fixed
297,15:54:25.000 08/16/2024,42.09788317,-87.82838500,159.100,1.3,0.8,1.0,3D,29,2,Fixed
298,15:54:26.000 08/16/2024,42.09788317,-87.82838500,159.100,1.3,0.8,1.0,3D,29,2,Fixed
299,15:54:27.000 08/16/2024,42.09788317,-87.82838500,159.100,1.3,0.8,1.0,3D,29,2,Fixed
300,15:54:28.000 08/16/2024,42.09788317,-87.82838517,159.100,1.3,0.8,1.0,3D,29,2,Fixed
301,15:54:29.000 08/16/2024,42.09788283,-87.82838550,159.100,1.3,0.8,1.0,3D,29,2,Fixed
302,15:54:30.000 08/16/2024,42.09788267,-87.82838550,159.100,1.3,0.8,1.0,3D,29,2,Fixed
303,15:54:31.000 08/16/2024,42.09788267,-87.82838550,159.100,1.3,0.8,1.0,3D,29,2,Fixed
304,15:54:32.000 08/16/2024,42.09788267,-87.82838550,159.100,1.3,0.8,1.0,3D,29,2,Fixed
305,15:54:33.000 08/16/2024,42.09788267,-87.82838550,159.100,1.3,0.8,1.0,3D,29,2,Fixed
306,15:54:34.000 08/16/2024,42.09788283,-87.82838533,159.100,1.3,0.8,1.0,3D,29,2,Fixed
307,15:54:35.000 08/16/2024,42.09788283,-87.82838533,159.100,1.3,0.8,1.0,3D,29,2,Fixed
308,15:54:36.000 08/16/2024,42.09788283,-87.82838550,159.100,1.3,0.8,1.0,3D,29,2,Fixed
309,15:54:37.000 08/16/2024,42.09788267,-87.82838550,159.100,1.3,0.8,1.0,3D,29,2,Fixed
310,15:54:38.000 08/16/2024,42.09788267,-87.82838533,159.100,1.3,0.8,1.0,3D,29,2,Fixed
311,15:54:39.000 08/16/2024,42.09788283,-87.82838533,159.100,1.3,0.8,1.0,3D,29,2,Fixed
312,15:54:40.000 08/16/2024,42.09788283,-87.82838533,159.100,1.3,0.8,1.0,3D,29,2,Fixed
313,15:54:41.000 08/16/2024,42.09788267,-87.82838550,159.000,1.3,0.8,1.0,3D,29,2,Fixed
314,15:54:42.000 08/16/2024,42.09788267,-87.82838550,159.100,1.3,0.8,1.0,3D,29,2,Fixed
315,15:54:43.000 08/16/2024,42.09788267,-87.82838550,159.100,1.3,0.8,1.0,3D,29,2,Fixed
316,15:54:44.000 08/16/2024,42.09788283,-87.82838550,159.100,1.3,0.8,1.0,3D,29,2,Fixed
317,15:54:45.000 08/16/2024,42.09788267,-87.82838550,159.100,1.3,0.8,1.0,3D,29,2,Fixed
318,15:54:46.000 08/16/2024,42.09788267,-87.82838550,159.100,1.3,0.8,1.0,3D,29,2,Fixed
319,15:54:47.000 08/16/2024,42.09788267,-87.82838550,159.100,1.3,0.8,1.0,3D,29,2,Fixed
320,15:54:48.000 08/16/2024,42.09788283,-87.82838550,159.100,1.3,0.8,1.0,3D,29,2,Fixed
321,15:54:49.000 08/16/2024,42.09788233,-87.82838600,159.000,1.3,0.8,1.0,3D,29,2,Fixed
322,15:54:50.000 08/16/2024,42.09788233,-87.82838583,159.100,1.3,0.8,1.0,3D,29,2,Fixed
323,15:54:51.000 08/16/2024,42.09788233,-87.82838583,159.100,1.3,0.8,1.0,3D,29,2,Fixed
324,15:54:52.000 08/16/2024,42.09788233,-87.82838583,159.100,1.3,0.8,1.0,3D,29,2,Fixed
325,15:54:53.000 08/16/2024,42.09788233,-87.82838583,159.000,1.3,0.8,1.0,3D,29,2,Fixed
326,15:54:54.000 08/16/2024,42.09788250,-87.82838567,159.100,1.3,0.8,1.0,3D,29,2,Fixed
327,15:54:55.000 08/16/2024,42.09788250,-87.82838583,159.100,1.3,0.8,1.0,3D,29,2,Fixed
328,15:54:56.000 08/16/2024,42.09788250,-87.82838567,159.100,1.3,0.8,1.0,3D,29,2,Fixed
329,15:54:57.000 08/16/2024,42.09788250,-87.82838567,159.100,1.3,0.8,1.0,3D,29,2,Fixed
330,15:54:58.000 08/16/2024,42.09788250,-87.82838567,159.100,1.3,0.8,1.0,3D,29,2,Fixed
331,15:54:59.000 08/16/2024,42.09788250,-87.82838583,159.000,1.3,0.8,1.0,3D,29,2,Fixed
332,15:55:00.000 08/16/2024,42.09788250,-87.82838583,159.000,1.3,0.8,1.0,3D,29,2,Fixed
333,15:55:01.000 08/16/2024,42.09788250,-87.82838583,159.000,1.3,0.8,1.0,3D,29,2,Fixed
334,15:55:02.000 08/16/2024,42.09788250,-87.82838567,159.100,1.3,0.8,1.0,3D,29,2,Fixed
335,15:55:03.000 08/16/2024,42.09788233,-87.82838567,159.100,1.3,0.8,1.0,3D,29,2,Fixed
336,15:55:04.000 08/16/2024,42.09788250,-87.82838567,159.100,1.3,0.8,1.1,3D,28,2,Fixed
337,15:55:05.000 08/16/2024,42.09788250,-87.82838567,159.100,1.3,0.8,1.1,3D,28,2,Fixed
338,15:55:06.000 08/16/2024,42.09788250,-87.82838567,159.100,1.3,0.8,1.1,3D,28,2,Fixed
339,15:55:07.000 08/16/2024,42.09788250,-87.82838567,159.100,1.3,0.8,1.1,3D,28,2,Fixed
340,15:55:08.000 08/16/2024,42.09788267,-87.82838567,159.000,1.3,0.8,1.1,3D,28,2,Fixed
341,15:55:09.000 08/16/2024,42.09788250,-87.82838567,159.000,1.3,0.8,1.1,3D,28,2,Fixed
342,15:55:10.000 08/16/2024,42.09788250,-87.82838567,159.000,1.3,0.8,1.1,3D,28,2,Fixed
343,15:55:11.000 08/16/2024,42.09788250,-87.82838567,159.000,1.3,0.8,1.1,3D,28,2,Fixed
344,15:55:12.000 08/16/2024,42.09788250,-87.82838567,159.000,1.3,0.8,1.1,3D,28,2,Fixed
345,15:55:13.000 08/16/2024,42.09788267,-87.82838550,159.000,1.3,0.8,1.1,3D,28,2,Fixed
346,15:55:14.000 08/16/2024,42.09788267,-87.82838550,159.000,1.3,0.8,1.1,3D,28,2,Fixed
347,15:55:15.000 08/16/2024,42.09788267,-87.82838550,159.000,1.3,0.8,1.1,3D,28,2,Fixed
348,15:55:16.000 08/16/2024,42.09788267,-87.82838533,159.100,1.3,0.8,1.1,3D,28,2,Fixed
349,15:55:17.000 08/16/2024,42.09788250,-87.82838550,159.100,1.3,0.8,1.1,3D,28,2,Fixed
350,15:55:18.000 08/16/2024,42.09788267,-87.82838533,159.100,1.3,0.8,1.1,3D,28,2,Fixed
351,15:55:19.000 08/16/2024,42.09788267,-87.82838550,159.000,1.3,0.8,1.1,3D,28,2,Fixed
352,15:55:20.000 08/16/2024,42.09788267,-87.82838533,159.100,1.3,0.8,1.1,3D,28,2,Fixed
353,15:55:21.000 08/16/2024,42.09788217,-87.82838600,159.100,1.3,0.8,1.1,3D,28,2,Fixed
354,15:55:22.000 08/16/2024,42.09788217,-87.82838600,159.100,1.3,0.8,1.1,3D,28,2,Fixed
355,15:55:23.000 08/16/2024,42.09788217,-87.82838617,159.100,1.3,0.8,1.1,3D,28,2,Fixed
356,15:55:24.000 08/16/2024,42.09788217,-87.82838600,159.100,1.3,0.8,1.1,3D,28,2,Fixed
357,15:55:25.000 08/16/2024,42.09788233,-87.82838600,159.100,1.3,0.8,1.1,3D,28,2,Fixed
358,15:55:26.000 08/16/2024,42.09788217,-87.82838600,159.100,1.3,0.8,1.1,3D,28,2,Fixed
359,15:55:27.000 08/16/2024,42.09788217,-87.82838600,159.100,1.3,0.8,1.1,3D,28,2,Fixed
360,15:55:28.000 08/16/2024,42.09788233,-87.82838600,159.100,1.3,0.8,1.1,3D,28,2,Fixed
361,15:55:29.000 08/16/2024,42.09788217,-87.82838583,159.100,1.3,0.8,1.1,3D,28,2,Fixed
362,15:55:30.000 08/16/2024,42.09788217,-87.82838583,159.100,1.3,0.8,1.1,3D,28,2,Fixed
363,15:55:31.000 08/16/2024,42.09788217,-87.82838583,159.100,1.3,0.8,1.1,3D,28,2,Fixed
364,15:55:32.000 08/16/2024,42.09788233,-87.82838567,159.100,1.3,0.8,1.1,3D,28,2,Fixed
365,15:55:33.000 08/16/2024,42.09788217,-87.82838567,159.100,1.3,0.8,1.1,3D,28,2,Fixed
366,15:55:34.000 08/16/2024,42.09788217,-87.82838567,159.100,1.3,0.8,1.1,3D,28,2,Fixed
367,15:55:35.000 08/16/2024,42.09788217,-87.82838567,159.200,1.3,0.8,1.1,3D,28,2,Fixed
368,15:55:36.000 08/16/2024,42.09788217,-87.82838567,159.200,1.3,0.8,1.1,3D,28,2,Fixed
369,15:55:37.000 08/16/2024,42.09788217,-87.82838567,159.200,1.3,0.8,1.1,3D,28,2,Fixed
370,15:55:38.000 08/16/2024,42.09788217,-87.82838567,159.200,1.3,0.8,1.1,3D,28,2,Fixed
371,15:55:39.000 08/16/2024,42.09788233,-87.82838583,159.100,1.3,0.8,1.1,3D,28,2,Fixed
372,15:55:40.000 08/16/2024,42.09788233,-87.82838567,159.100,1.3,0.8,1.1,3D,28,2,Fixed
373,15:55:41.000 08/16/2024,42.09788233,-87.82838567,159.100,1.3,0.8,1.1,3D,28,2,Fixed
374,15:55:42.000 08/16/2024,42.09788233,-87.82838567,159.100,1.3,0.8,1.1,3D,28,2,Fixed
375,15:55:43.000 08/16/2024,42.09788233,-87.82838550,159.100,1.3,0.8,1.1,3D,28,2,Fixed
376,15:55:44.000 08/16/2024,42.09788233,-87.82838550,159.200,1.3,0.8,1.1,3D,28,2,Fixed
377,15:55:45.000 08/16/2024,42.09788233,-87.82838567,159.100,1.3,0.8,1.1,3D,28,2,Fixed
378,15:55:46.000 08/16/2024,42.09788217,-87.82838533,159.200,1.3,0.8,1.1,3D,28,2,Fixed
379,15:55:47.000 08/16/2024,42.09788233,-87.82838550,159.100,1.3,0.8,1.1,3D,28,2,Fixed
380,15:55:48.000 08/16/2024,42.09788217,-87.82838550,159.200,1.3,0.8,1.1,3D,28,2,Fixed
381,15:55:49.000 08/16/2024,42.09788233,-87.82838550,159.100,1.3,0.8,1.1,3D,28,2,Fixed
382,15:55:50.000 08/16/2024,42.09788183,-87.82838600,159.100,1.3,0.8,1.1,3D,28,2,Fixed
383,15:55:51.000 08/16/2024,42.09788183,-87.82838617,159.100,1.3,0.8,1.1,3D,28,2,Fixed
384,15:55:52.000 08/16/2024,42.09788200,-87.82838617,159.100,1.3,0.8,1.1,3D,28,2,Fixed
385,15:55:53.000 08/16/2024,42.09788183,-87.82838617,159.100,1.3,0.8,1.1,3D,28,2,Fixed
386,15:55:54.000 08/16/2024,42.09788183,-87.82838600,159.100,1.3,0.8,1.1,3D,28,2,Fixed
387,15:55:55.000 08/16/2024,42.09788183,-87.82838600,159.100,1.3,0.8,1.1,3D,28,2,Fixed
388,15:55:56.000 08/16/2024,42.09788200,-87.82838600,159.100,1.3,0.8,1.1,3D,28,2,Fixed
389,15:55:57.000 08/16/2024,42.09788183,-87.82838600,159.200,1.3,0.8,1.1,3D,28,2,Fixed
390,15:55:58.000 08/16/2024,42.09788183,-87.82838600,159.100,1.3,0.8,1.1,3D,28,2,Fixed
391,15:55:59.000 08/16/2024,42.09788183,-87.82838600,159.100,1.3,0.8,1.1,3D,28,2,Fixed
392,15:56:00.000 08/16/2024,42.09788183,-87.82838600,159.100,1.3,0.8,1.1,3D,28,2,Fixed
393,15:56:01.000 08/16/2024,42.09788200,-87.82838583,159.100,1.3,0.8,1.1,3D,28,2,Fixed
394,15:56:02.000 08/16/2024,42.09788183,-87.82838583,159.200,1.3,0.8,1.1,3D,28,2,Fixed
395,15:56:03.000 08/16/2024,42.09788200,-87.82838583,159.200,1.3,0.8,1.1,3D,28,2,Fixed
396,15:56:04.000 08/16/2024,42.09788200,-87.82838583,159.100,1.3,0.8,1.1,3D,28,2,Fixed
397,15:56:05.000 08/16/2024,42.09788200,-87.82838583,159.100,1.3,0.8,1.1,3D,28,2,Fixed
398,15:56:06.000 08/16/2024,42.09788200,-87.82838567,159.200,1.3,0.8,1.1,3D,28,2,Fixed
399,15:56:07.000 08/16/2024,42.09788200,-87.82838567,159.200,1.3,0.8,1.1,3D,28,2,Fixed
400,15:56:08.000 08/16/2024,42.09788217,-87.82838567,159.100,1.3,0.8,1.1,3D,28,2,Fixed
401,15:56:09.000 08/16/2024,42.09788217,-87.82838567,159.100,1.3,0.8,1.1,3D,28,2,Fixed
402,15:56:10.000 08/16/2024,42.09788200,-87.82838550,159.100,1.3,0.8,1.1,3D,28,2,Fixed
403,15:56:11.000 08/16/2024,42.09788217,-87.82838567,159.100,1.3,0.8,1.1,3D,28,2,Fixed
404,15:56:12.000 08/16/2024,42.09788217,-87.82838550,159.100,1.3,0.8,1.1,3D,28,2,Fixed
405,15:56:13.000 08/16/2024,42.09788217,-87.82838567,159.100,1.3,0.8,1.1,3D,27,2,Fixed
406,15:56:14.000 08/16/2024,42.09788200,-87.82838567,159.100,1.3,0.8,1.1,3D,27,2,Fixed
407,15:56:15.000 08/16/2024,42.09788200,-87.82838567,159.100,1.3,0.8,1.1,3D,27,2,Fixed
408,15:56:16.000 08/16/2024,42.09788217,-87.82838567,159.100,1.3,0.8,1.1,3D,27,2,Fixed
409,15:56:17.000 08/16/2024,42.09788217,-87.82838567,159.100,1.3,0.8,1.1,3D,27,2,Fixed
410,15:56:18.000 08/16/2024,42.09788217,-87.82838567,159.100,1.3,0.8,1.1,3D,27,2,Fixed
411,15:56:19.000 08/16/2024,42.09788233,-87.82838567,159.100,1.3,0.8,1.1,3D,27,2,Fixed
412,15:56:20.000 08/16/2024,42.09788233,-87.82838567,159.100,1.3,0.8,1.1,3D,27,2,Fixed
413,15:56:21.000 08/16/2024,42.09788233,-87.82838550,159.100,1.3,0.8,1.1,3D,27,2,Fixed
414,15:56:22.000 08/16/2024,42.09788200,-87.82838617,159.000,1.3,0.8,1.1,3D,27,2,Fixed
415,15:56:23.000 08/16/2024,42.09788217,-87.82838600,159.000,1.3,0.8,1.1,3D,27,2,Fixed
416,15:56:24.000 08/16/2024,42.09788217,-87.82838600,159.000,1.3,0.8,1.1,3D,27,2,Fixed
417,15:56:25.000 08/16/2024,42.09788217,-87.82838600,159.000,1.3,0.8,1.1,3D,27,2,Fixed
418,15:56:26.000 08/16/2024,42.09788233,-87.82838600,159.000,1.3,0.8,1.1,3D,27,2,Fixed
419,15:56:27.000 08/16/2024,42.09788233,-87.82838600,159.000,1.3,0.8,1.1,3D,27,2,Fixed
420,15:56:28.000 08/16/2024,42.09788217,-87.82838600,159.000,1.3,0.8,1.1,3D,27,2,Fixed
421,15:56:29.000 08/16/2024,42.09788217,-87.82838600,159.000,1.3,0.8,1.1,3D,27,2,Fixed
422,15:56:30.000 08/16/2024,42.09788217,-87.82838583,159.000,1.3,0.8,1.1,3D,27,2,Fixed
423,15:56:31.000 08/16/2024,42.09788217,-87.82838583,159.100,1.3,0.8,1.1,3D,27,2,Fixed
424,15:56:32.000 08/16/2024,42.09788217,-87.82838583,159.100,1.3,0.8,1.1,3D,27,2,Fixed
425,15:56:33.000 08/16/2024,42.09788217,-87.82838567,159.100,1.3,0.8,1.1,3D,27,2,Fixed
426,15:56:34.000 08/16/2024,42.09788217,-87.82838583,159.100,1.3,0.8,1.1,3D,27,2,Fixed
427,15:56:35.000 08/16/2024,42.09788217,-87.82838567,159.100,1.3,0.8,1.1,3D,27,2,Fixed
428,15:56:36.000 08/16/2024,42.09788217,-87.82838567,159.100,1.3,0.8,1.1,3D,27,2,Fixed
429,15:56:37.000 08/16/2024,42.09788217,-87.82838550,159.100,1.3,0.8,1.1,3D,27,2,Fixed
430,15:56:38.000 08/16/2024,42.09788217,-87.82838550,159.100,1.3,0.8,1.1,3D,27,2,Fixed
431,15:56:39.000 08/16/2024,42.09788217,-87.82838550,159.100,1.3,0.8,1.1,3D,27,2,Fixed
432,15:56:40.000 08/16/2024,42.09788217,-87.82838550,159.100,1.3,0.8,1.1,3D,27,2,Fixed
433,15:56:41.000 08/16/2024,42.09788217,-87.82838550,159.100,1.3,0.8,1.1,3D,27,2,Fixed
434,15:56:42.000 08/16/2024,42.09788217,-87.82838550,159.100,1.3,0.8,1.1,3D,27,2,Fixed
435,15:56:43.000 08/16/2024,42.09788217,-87.82838533,159.100,1.3,0.8,1.1,3D,27,2,Fixed
436,15:56:44.000 08/16/2024,42.09788217,-87.82838533,159.100,1.3,0.8,1.1,3D,27,2,Fixed
437,15:56:45.000 08/16/2024,42.09788217,-87.82838550,159.100,1.3,0.8,1.1,3D,27,2,Fixed
438,15:56:46.000 08/16/2024,42.09788217,-87.82838550,159.100,1.3,0.8,1.1,3D,27,2,Fixed
439,15:56:47.000 08/16/2024,42.09788217,-87.82838533,159.100,1.3,0.8,1.1,3D,27,2,Fixed
440,15:56:48.000 08/16/2024,42.09788217,-87.82838533,159.100,1.3,0.8,1.1,3D,27,2,Fixed
441,15:56:49.000 08/16/2024,42.09788200,-87.82838617,159.000,1.3,0.8,1.1,3D,27,2,Fixed
442,15:56:50.000 08/16/2024,42.09788183,-87.82838600,159.000,1.3,0.8,1.1,3D,27,2,Fixed
443,15:56:51.000 08/16/2024,42.09788200,-87.82838600,159.000,1.3,0.8,1.1,3D,27,2,Fixed
444,15:56:52.000 08/16/2024,42.09788200,-87.82838600,159.000,1.3,0.8,1.1,3D,27,2,Fixed
445,15:56:53.000 08/16/2024,42.09788183,-87.82838583,159.000,1.3,0.8,1.1,3D,27,2,Fixed
446,15:56:54.000 08/16/2024,42.09788200,-87.82838600,159.000,1.3,0.8,1.1,3D,27,2,Fixed
447,15:56:55.000 08/16/2024,42.09788200,-87.82838583,159.000,1.3,0.8,1.1,3D,27,2,Fixed
448,15:56:56.000 08/16/2024,42.09788200,-87.82838583,159.000,1.3,0.8,1.1,3D,27,2,Fixed
449,15:56:57.000 08/16/2024,42.09788183,-87.82838583,159.000,1.3,0.8,1.1,3D,27,2,Fixed
450,15:56:58.000 08/16/2024,42.09788183,-87.82838567,159.000,1.3,0.8,1.1,3D,27,2,Fixed
451,15:56:59.000 08/16/2024,42.09788200,-87.82838567,159.000,1.3,0.8,1.1,3D,27,2,Fixed
452,15:57:00.000 08/16/2024,42.09788183,-87.82838567,159.000,1.3,0.8,1.1,3D,27,2,Fixed
453,15:57:01.000 08/16/2024,42.09788183,-87.82838567,159.100,1.3,0.8,1.1,3D,27,2,Fixed
454,15:57:02.000 08/16/2024,42.09788183,-87.82838567,159.000,1.3,0.8,1.1,3D,27,2,Fixed
455,15:57:03.000 08/16/2024,42.09788183,-87.82838583,159.000,1.3,0.8,1.1,3D,27,2,Fixed
456,15:57:04.000 08/16/2024,42.09788183,-87.82838567,159.000,1.3,0.8,1.1,3D,27,2,Fixed
457,15:57:05.000 08/16/2024,42.09788183,-87.82838567,159.100,1.3,0.8,1.1,3D,27,2,Fixed
458,15:57:06.000 08/16/2024,42.09788167,-87.82838567,159.000,1.3,0.8,1.1,3D,27,2,Fixed
459,15:57:07.000 08/16/2024,42.09788150,-87.82838583,159.100,1.3,0.8,1.1,3D,27,2,Fixed
460,15:57:08.000 08/16/2024,42.09788150,-87.82838583,159.100,1.3,0.8,1.1,3D,27,2,Fixed
461,15:57:09.000 08/16/2024,42.09788150,-87.82838567,159.100,1.3,0.8,1.1,3D,27,2,Fixed
462,15:57:10.000 08/16/2024,42.09788150,-87.82838567,159.100,1.3,0.8,1.1,3D,27,2,Fixed
463,15:57:11.000 08/16/2024,42.09788150,-87.82838550,159.100,1.3,0.8,1.1,3D,27,2,Fixed
464,15:57:12.000 08/16/2024,42.09788167,-87.82838583,159.100,1.3,0.8,1.1,3D,27,2,Fixed
465,15:57:13.000 08/16/2024,42.09788167,-87.82838567,159.100,1.3,0.8,1.1,3D,27,2,Fixed
466,15:57:14.000 08/16/2024,42.09788167,-87.82838567,159.100,1.3,0.8,1.1,3D,27,2,Fixed
467,15:57:15.000 08/16/2024,42.09788167,-87.82838567,159.100,1.3,0.8,1.1,3D,27,2,Fixed
468,15:57:16.000 08/16/2024,42.09788167,-87.82838550,159.100,1.3,0.8,1.1,3D,27,2,Fixed
469,15:57:17.000 08/16/2024,42.09788167,-87.82838550,159.100,1.3,0.8,1.1,3D,27,2,Fixed
470,15:57:18.000 08/16/2024,42.09788167,-87.82838550,159.100,1.3,0.8,1.1,3D,27,2,Fixed
471,15:57:19.000 08/16/2024,42.09788183,-87.82838550,159.100,1.3,0.8,1.1,3D,27,2,Fixed
472,15:57:20.000 08/16/2024,42.09788150,-87.82838600,159.100,1.3,0.8,1.1,3D,27,2,Fixed
473,15:57:21.000 08/16/2024,42.09788150,-87.82838600,159.100,1.3,0.8,1.1,3D,27,2,Fixed
474,15:57:22.000 08/16/2024,42.09788150,-87.82838600,159.100,1.3,0.8,1.1,3D,27,2,Fixed
475,15:57:23.000 08/16/2024,42.09788150,-87.82838600,159.100,1.3,0.8,1.1,3D,27,2,Fixed
476,15:57:24.000 08/16/2024,42.09788150,-87.82838600,159.100,1.3,0.8,1.1,3D,27,2,Fixed
477,15:57:25.000 08/16/2024,42.09788150,-87.82838617,159.100,1.3,0.8,1.1,3D,27,2,Fixed
478,15:57:26.000 08/16/2024,42.09788150,-87.82838617,159.100,1.3,0.8,1.1,3D,27,2,Fixed
479,15:57:27.000 08/16/2024,42.09788167,-87.82838600,159.100,1.3,0.8,1.1,3D,27,2,Fixed
480,15:57:28.000 08/16/2024,42.09788167,-87.82838583,159.100,1.3,0.8,1.1,3D,25,2,Fixed
481,15:57:29.000 08/16/2024,42.09788183,-87.82838583,159.100,1.3,0.8,1.1,3D,25,2,Fixed
482,15:57:30.000 08/16/2024,42.09788117,-87.82838683,159.700,1.3,0.8,1.1,3D,25,2,Fixed
483,15:57:31.000 08/16/2024,42.09788150,-87.82838617,160.300,1.3,0.8,1.1,3D,24,2,Fixed
484,15:57:32.000 08/16/2024,42.09788233,-87.82838000,160.300,1.3,0.8,1.1,3D,24,2,Fixed
485,15:57:33.000 08/16/2024,42.09788350,-87.82837133,160.400,1.3,0.8,1.1,3D,23,1,Float
486,15:57:34.000 08/16/2024,42.09788567,-87.82836150,160.300,1.4,0.8,1.1,3D,23,2,Fixed
487,15:57:35.000 08/16/2024,42.09788717,-87.82835100,160.300,1.4,0.8,1.1,3D,24,2,Fixed
488,15:57:36.000 08/16/2024,42.09788850,-87.82834033,160.300,1.4,0.8,1.1,3D,24,2,Fixed
489,15:57:37.000 08/16/2024,42.09788950,-87.82832900,160.300,1.4,0.8,1.1,3D,24,2,Fixed
490,15:57:38.000 08/16/2024,42.09789083,-87.82831683,160.300,1.4,0.8,1.1,3D,24,2,Fixed
491,15:57:39.000 08/16/2024,42.09789033,-87.82830467,160.300,1.4,0.8,1.1,3D,24,2,Fixed
492,15:57:40.000 08/16/2024,42.09789083,-87.82829150,160.300,1.4,0.8,1.1,3D,24,2,Fixed
493,15:57:41.000 08/16/2024,42.09789183,-87.82827817,160.300,1.4,0.8,1.1,3D,24,2,Fixed
494,15:57:42.000 08/16/2024,42.09789233,-87.82826517,160.300,1.4,0.8,1.1,3D,24,2,Fixed
495,15:57:43.000 08/16/2024,42.09789217,-87.82825217,160.200,1.4,0.8,1.1,3D,24,2,Fixed
496,15:57:44.000 08/16/2024,42.09789200,-87.82823950,160.200,1.4,0.8,1.1,3D,24,2,Fixed
497,15:57:45.000 08/16/2024,42.09789283,-87.82822700,160.300,1.4,0.8,1.1,3D,24,2,Fixed
498,15:57:46.000 08/16/2024,42.09789450,-87.82821483,160.200,1.4,0.8,1.1,3D,24,2,Fixed
499,15:57:47.000 08/16/2024,42.09789617,-87.82820233,160.300,1.4,0.8,1.1,3D,24,2,Fixed
500,15:57:48.000 08/16/2024,42.09789767,-87.82818967,160.300,1.4,0.8,1.1,3D,23,2,Fixed
501,15:57:49.000 08/16/2024,42.09789933,-87.82817783,160.300,1.3,0.8,1.1,3D,23,2,Fixed
502,15:57:50.000 08/16/2024,42.09790083,-87.82816333,160.200,1.3,0.8,1.1,3D,24,2,Fixed
503,15:57:51.000 08/16/2024,42.09790150,-87.82814850,160.200,1.3,0.8,1.1,3D,24,2,Fixed
504,15:57:52.000 08/16/2024,42.09790200,-87.82813383,160.300,1.4,0.8,1.1,3D,23,2,Fixed
505,15:57:53.000 08/16/2024,42.09790233,-87.82811850,160.300,1.4,0.8,1.1,3D,23,2,Fixed
506,15:57:54.000 08/16/2024,42.09790233,-87.82810283,160.200,1.4,0.8,1.1,3D,23,2,Fixed
507,15:57:55.000 08/16/2024,42.09790183,-87.82808817,160.200,1.4,0.8,1.1,3D,23,2,Fixed
508,15:57:56.000 08/16/2024,42.09790100,-87.82807350,160.200,1.4,0.8,1.1,3D,23,2,Fixed
509,15:57:57.000 08/16/2024,42.09790033,-87.82805900,160.200,1.4,0.8,1.1,3D,24,2,Fixed
510,15:57:58.000 08/16/2024,42.09789950,-87.82804417,160.200,1.4,0.8,1.1,3D,24,2,Fixed
511,15:57:59.000 08/16/2024,42.09789917,-87.82802983,160.100,1.4,0.8,1.1,3D,24,2,Fixed
512,15:58:00.000 08/16/2024,42.09789867,-87.82801533,160.100,1.4,0.8,1.1,3D,24,2,Fixed
513,15:58:01.000 08/16/2024,42.09789883,-87.82800117,160.100,1.4,0.8,1.1,3D,23,2,Fixed
514,15:58:02.000 08/16/2024,42.09789850,-87.82798667,160.100,1.4,0.8,1.1,3D,24,2,Fixed
515,15:58:03.000 08/16/2024,42.09789700,-87.82797133,160.000,1.4,0.8,1.1,3D,24,1,Float
516,15:58:04.000 08/16/2024,42.09789583,-87.82795617,160.000,1.4,0.8,1.1,3D,23,1,Float
517,15:58:05.000 08/16/2024,42.09789567,-87.82794183,160.100,1.3,0.8,1.1,3D,22,1,Float
518,15:58:06.000 08/16/2024,42.09789633,-87.82792767,160.000,1.3,0.8,1.1,3D,22,1,Float
519,15:58:07.000 08/16/2024,42.09789700,-87.82791367,160.000,1.3,0.8,1.1,3D,24,1,Float
520,15:58:08.000 08/16/2024,42.09789800,-87.82789900,160.000,1.3,0.8,1.1,3D,25,1,Float
521,15:58:09.000 08/16/2024,42.09789950,-87.82788433,160.000,1.3,0.8,1.1,3D,24,1,Float
522,15:58:10.000 08/16/2024,42.09790233,-87.82787083,160.000,1.3,0.8,1.1,3D,24,1,Float
523,15:58:11.000 08/16/2024,42.09790683,-87.82785817,159.900,1.3,0.8,1.1,3D,24,1,Float
524,15:58:12.000 08/16/2024,42.09791183,-87.82784683,159.900,1.3,0.8,1.1,3D,24,1,Float
525,15:58:13.000 08/16/2024,42.09791833,-87.82783600,159.900,1.4,0.8,1.1,3D,23,1,Float
526,15:58:14.000 08/16/2024,42.09792533,-87.82782633,160.000,1.6,0.9,1.3,3D,20,1,Float
527,15:58:15.000 08/16/2024,42.09793317,-87.82781750,160.000,1.6,0.9,1.3,3D,22,1,Float
528,15:58:16.000 08/16/2024,42.09794183,-87.82781000,159.800,1.6,0.9,1.3,3D,24,1,Float
529,15:58:17.000 08/16/2024,42.09795100,-87.82780367,159.900,2.0,1.1,1.6,3D,23,1,Float
530,15:58:18.000 08/16/2024,42.09796100,-87.82779767,159.800,2.0,1.1,1.6,3D,23,1,Float
531,15:58:19.000 08/16/2024,42.09797067,-87.82779317,159.900,1.7,0.9,1.4,3D,23,1,Float
532,15:58:20.000 08/16/2024,42.09798100,-87.82778917,160.000,1.7,0.9,1.4,3D,23,1,Float
533,15:58:21.000 08/16/2024,42.09799067,-87.82778733,159.900,1.7,0.9,1.4,3D,24,1,Float
534,15:58:22.000 08/16/2024,42.09800100,-87.82778650,160.000,1.7,0.9,1.4,3D,22,1,Float
535,15:58:23.000 08/16/2024,42.09801100,-87.82778517,159.900,1.7,0.9,1.4,3D,22,1,Float
536,15:58:24.000 08/16/2024,42.09802033,-87.82778567,160.000,2.1,0.9,1.9,3D,22,2,Fixed
537,15:58:25.000 08/16/2024,42.09803017,-87.82778483,160.000,2.1,0.9,1.9,3D,22,2,Fixed
538,15:58:26.000 08/16/2024,42.09803950,-87.82778450,160.000,2.1,0.9,1.9,3D,22,2,Fixed
539,15:58:27.000 08/16/2024,42.09804883,-87.82778483,160.000,2.1,0.9,1.9,3D,22,2,Fixed
540,15:58:28.000 08/16/2024,42.09805800,-87.82778617,160.100,2.1,0.9,1.9,3D,22,2,Fixed
541,15:58:29.000 08/16/2024,42.09806700,-87.82778733,160.000,2.1,0.9,1.9,3D,22,2,Fixed
542,15:58:30.000 08/16/2024,42.09807567,-87.82778983,160.000,2.1,0.9,1.9,3D,22,2,Fixed
543,15:58:31.000 08/16/2024,42.09808483,-87.82779300,160.100,2.1,0.9,1.9,3D,22,2,Fixed
544,15:58:32.000 08/16/2024,42.09809283,-87.82779750,160.100,1.7,0.9,1.4,3D,22,2,Fixed
545,15:58:33.000 08/16/2024,42.09809983,-87.82780300,160.100,1.7,0.9,1.4,3D,23,2,Fixed
546,15:58:34.000 08/16/2024,42.09810617,-87.82781033,160.100,1.7,0.9,1.4,3D,23,2,Fixed
547,15:58:35.000 08/16/2024,42.09811150,-87.82782000,160.100,1.6,0.9,1.4,3D,23,2,Fixed
548,15:58:36.000 08/16/2024,42.09811500,-87.82783150,160.200,1.6,0.9,1.4,3D,23,2,Fixed
549,15:58:37.000 08/16/2024,42.09811750,-87.82784400,160.100,1.6,0.9,1.4,3D,23,2,Fixed
550,15:58:38.000 08/16/2024,42.09812017,-87.82785550,160.100,1.6,0.9,1.4,3D,21,2,Fixed
551,15:58:39.000 08/16/2024,42.09812100,-87.82786800,160.100,1.6,0.9,1.4,3D,21,2,Fixed
552,15:58:40.000 08/16/2024,42.09812250,-87.82788183,160.200,1.6,0.9,1.4,3D,23,2,Fixed
553,15:58:41.000 08/16/2024,42.09812500,-87.82789500,160.200,1.6,0.9,1.4,3D,23,2,Fixed
554,15:58:42.000 08/16/2024,42.09812683,-87.82790883,160.200,1.6,0.9,1.4,3D,22,2,Fixed
555,15:58:43.000 08/16/2024,42.09812767,-87.82792333,160.200,1.6,0.9,1.4,3D,23,2,Fixed
556,15:58:44.000 08/16/2024,42.09812833,-87.82793733,160.200,1.6,0.9,1.4,3D,23,2,Fixed
557,15:58:45.000 08/16/2024,42.09812917,-87.82795100,160.100,1.6,0.9,1.4,3D,22,2,Fixed
558,15:58:46.000 08/16/2024,42.09813033,-87.82796483,160.200,1.6,0.9,1.4,3D,23,2,Fixed
559,15:58:47.000 08/16/2024,42.09812833,-87.82797900,160.200,1.6,0.9,1.4,3D,24,2,Fixed
560,15:58:48.000 08/16/2024,42.09812433,-87.82798950,160.100,1.6,0.9,1.4,3D,24,2,Fixed
561,15:58:49.000 08/16/2024,42.09811650,-87.82799733,160.200,1.6,0.9,1.4,3D,24,1,Float
562,15:58:50.000 08/16/2024,42.09810750,-87.82799833,160.200,1.6,0.9,1.4,3D,23,2,Fixed
563,15:58:51.000 08/16/2024,42.09809850,-87.82799367,160.300,1.6,0.9,1.4,3D,23,1,Float
564,15:58:52.000 08/16/2024,42.09808917,-87.82798733,160.100,1.6,0.9,1.4,3D,23,1,Float
565,15:58:53.000 08/16/2024,42.09807867,-87.82798200,160.200,1.6,0.9,1.4,3D,23,1,Float
566,15:58:54.000 08/16/2024,42.09806767,-87.82797950,160.200,1.6,0.9,1.4,3D,23,1,Float
567,15:58:55.000 08/16/2024,42.09805767,-87.82798283,160.200,1.6,0.9,1.4,3D,24,1,Float
568,15:58:56.000 08/16/2024,42.09804817,-87.82799000,160.100,1.6,0.9,1.4,3D,24,2,Fixed
569,15:58:57.000 08/16/2024,42.09803950,-87.82799717,160.200,1.6,0.9,1.4,3D,24,2,Fixed
570,15:58:58.000 08/16/2024,42.09802950,-87.82800367,160.100,1.6,0.9,1.4,3D,25,2,Fixed
571,15:58:59.000 08/16/2024,42.09802017,-87.82800900,160.100,1.6,0.9,1.4,3D,25,2,Fixed
572,15:59:00.000 08/16/2024,42.09801167,-87.82800617,160.300,1.6,0.9,1.4,3D,24,1,Float
573,15:59:01.000 08/16/2024,42.09801050,-87.82799933,160.500,1.6,0.9,1.4,3D,24,1,Float
574,15:59:02.000 08/16/2024,42.09801000,-87.82798900,160.900,1.6,0.9,1.4,3D,23,1,Float
575,15:59:03.000 08/16/2024,42.09800783,-87.82798017,161.300,1.6,0.9,1.4,3D,24,1,Float
576,15:59:04.000 08/16/2024,42.09800267,-87.82797483,161.600,1.6,0.9,1.4,3D,25,1,Float
577,15:59:05.000 08/16/2024,42.09799417,-87.82797750,161.700,1.6,0.9,1.4,3D,24,1,Float
578,15:59:06.000 08/16/2024,42.09799183,-87.82798700,161.400,1.6,0.9,1.4,3D,24,1,Float
579,15:59:07.000 08/16/2024,42.09799233,-87.82799633,161.000,1.6,0.9,1.4,3D,25,1,Float
580,15:59:08.000 08/16/2024,42.09799250,-87.82800767,160.600,1.6,0.9,1.4,3D,25,2,Fixed
581,15:59:09.000 08/16/2024,42.09799050,-87.82801800,160.200,1.6,0.9,1.4,3D,25,2,Fixed
582,15:59:10.000 08/16/2024,42.09798383,-87.82802350,160.200,1.6,0.9,1.4,3D,25,2,Fixed
583,15:59:11.000 08/16/2024,42.09797600,-87.82802200,160.200,1.6,0.9,1.4,3D,25,2,Fixed
584,15:59:12.000 08/16/2024,42.09796733,-87.82801800,160.200,1.6,0.9,1.4,3D,26,2,Fixed
585,15:59:13.000 08/16/2024,42.09795833,-87.82801317,160.200,1.3,0.8,1.1,3D,26,2,Fixed
586,15:59:14.000 08/16/2024,42.09794917,-87.82801000,160.100,1.3,0.8,1.1,3D,26,2,Fixed
587,15:59:15.000 08/16/2024,42.09794067,-87.82800633,160.100,1.3,0.8,1.1,3D,26,2,Fixed
588,15:59:16.000 08/16/2024,42.09793217,-87.82800500,160.100,1.4,0.8,1.1,3D,26,2,Fixed
589,15:59:17.000 08/16/2024,42.09792400,-87.82800400,160.200,1.4,0.8,1.1,3D,26,1,Float
590,15:59:18.000 08/16/2024,42.09791567,-87.82799883,160.000,1.3,0.8,1.1,3D,26,1,Float
591,15:59:19.000 08/16/2024,42.09790983,-87.82798983,159.900,1.3,0.8,1.1,3D,25,2,Fixed
592,15:59:20.000 08/16/2024,42.09790433,-87.82797917,159.800,1.4,0.8,1.1,3D,24,2,Fixed
593,15:59:21.000 08/16/2024,42.09790150,-87.82796733,159.800,1.3,0.8,1.0,3D,25,2,Fixed
594,15:59:22.000 08/16/2024,42.09790100,-87.82795433,159.900,1.3,0.8,1.0,3D,25,2,Fixed
595,15:59:23.000 08/16/2024,42.09790267,-87.82794217,159.800,1.3,0.8,1.0,3D,25,2,Fixed
596,15:59:24.000 08/16/2024,42.09790467,-87.82792900,159.800,1.3,0.8,1.0,3D,24,2,Fixed
597,15:59:25.000 08/16/2024,42.09790667,-87.82791550,159.800,1.3,0.8,1.0,3D,24,2,Fixed
598,15:59:26.000 08/16/2024,42.09790783,-87.82790233,159.900,1.3,0.8,1.0,3D,23,2,Fixed
599,15:59:27.000 08/16/2024,42.09790850,-87.82788883,159.900,1.3,0.8,1.0,3D,22,2,Fixed
600,15:59:28.000 08/16/2024,42.09790900,-87.82787617,159.900,1.3,0.8,1.0,3D,24,2,Fixed
601,15:59:29.000 08/16/2024,42.09791083,-87.82786617,159.800,1.3,0.8,1.0,3D,24,2,Fixed
602,15:59:30.000 08/16/2024,42.09791383,-87.82786233,159.900,1.3,0.8,1.0,3D,24,1,Float
603,15:59:31.000 08/16/2024,42.09791667,-87.82786800,160.000,1.4,0.8,1.1,3D,20,1,Float
604,15:59:32.000 08/16/2024,42.09792117,-87.82787033,160.000,1.4,0.9,1.1,3D,15,0,No Fix
605,15:59:33.000 08/16/2024,42.09792400,-87.82787450,160.000,5.7,4.5,3.5,3D,9,0,No Fix
606,15:59:34.000 08/16/2024,42.09792450,-87.82787783,159.900,5.7,4.5,3.5,3D,7,0,No Fix
607,15:59:35.000 08/16/2024,42.09792117,-87.82787400,159.900,13.9,11.1,8.3,3D,4,0,No Fix
608,15:59:36.000 08/16/2024,42.09791560,-87.82786800,159.911,100.0,100.0,100.0,,0,0,No Fix
609,15:59:37.000 08/16/2024,42.09791010,-87.82786200,159.895,100.0,100.0,100.0,,0,0,No Fix
610,15:59:38.000 08/16/2024,42.09790460,-87.82785600,159.878,100.0,100.0,100.0,,0,0,No Fix
611,15:59:39.000 08/16/2024,42.09789910,-87.82785000,159.861,100.0,100.0,100.0,,0,0,No Fix
612,15:59:40.000 08/16/2024,42.09789360,-87.82784400,159.845,100.0,100.0,100.0,,0,0,No Fix
613,15:59:41.000 08/16/2024,42.09788810,-87.82783800,159.828,100.0,100.0,100.0,,0,0,No Fix
614,15:59:42.000 08/16/2024,42.09788260,-87.82783200,159.812,100.0,100.0,100.0,,0,0,No Fix
615,15:59:43.000 08/16/2024,42.09787710,-87.82782600,159.795,100.0,100.0,100.0,,0,0,No Fix
616,15:59:44.000 08/16/2024,42.09787160,-87.82782000,159.778,100.0,100.0,100.0,,0,0,No Fix
617,15:59:45.000 08/16/2024,42.09786610,-87.82781400,159.762,100.0,100.0,100.0,,0,0,No Fix
618,15:59:46.000 08/16/2024,42.09786060,-87.82780800,159.745,100.0,100.0,100.0,,0,0,No Fix
619,15:59:47.000 08/16/2024,42.09786060,-87.82780800,159.745,100.0,100.0,100.0,,0,0,No Fix
620,15:59:48.000 08/16/2024,42.09786060,-87.82780800,159.745,100.0,100.0,100.0,,0,0,No Fix
621,15:59:49.000 08/16/2024,42.09786060,-87.82780800,159.745,100.0,100.0,100.0,,0,0,No Fix
622,15:59:50.000 08/16/2024,42.09786060,-87.82780800,159.745,100.0,100.0,100.0,,0,0,No Fix
623,15:59:51.000 08/16/2024,42.09786060,-87.82780800,159.745,100.0,100.0,100.0,,0,0,No Fix
624,15:59:52.000 08/16/2024,42.09786060,-87.82780800,159.745,100.0,100.0,100.0,,0,0,No Fix
625,15:59:53.000 08/16/2024,42.09786060,-87.82780800,159.745,100.0,100.0,100.0,,0,0,No Fix
626,15:59:54.000 08/16/2024,42.09786060,-87.82780800,159.745,100.0,100.0,100.0,,0,0,No Fix
627,15:59:55.000 08/16/2024,42.09786060,-87.82780800,159.745,100.0,100.0,100.0,,0,0,No Fix
628,15:59:56.000 08/16/2024,42.09786060,-87.82780800,159.745,100.0,100.0,100.0,,0,0,No Fix
629,15:59:57.000 08/16/2024,42.09786060,-87.82780800,159.745,100.0,100.0,100.0,,0,0,No Fix
630,15:59:58.000 08/16/2024,42.09786060,-87.82780800,159.745,100.0,100.0,100.0,,0,0,No Fix
631,15:59:59.000 08/16/2024,42.09786060,-87.82780800,159.745,100.0,100.0,100.0,,0,0,No Fix
632,16:00:00.000 08/16/2024,42.09786060,-87.82780800,159.745,100.0,100.0,100.0,,0,0,No Fix
633,16:00:01.000 08/16/2024,42.09786060,-87.82780800,159.745,100.0,100.0,100.0,,0,0,No Fix
634,16:00:02.000 08/16/2024,42.09786060,-87.82780800,159.745,100.0,100.0,100.0,,0,0,No Fix
635,16:00:03.000 08/16/2024,42.09786060,-87.82780800,159.745,100.0,100.0,100.0,,0,0,No Fix
636,16:00:04.000 08/16/2024,42.09786060,-87.82780800,159.745,100.0,100.0,100.0,,0,0,No Fix
637,16:00:05.000 08/16/2024,42.09786060,-87.82780800,159.745,100.0,100.0,100.0,,0,0,No Fix
638,16:00:06.000 08/16/2024,42.09786060,-87.82780800,159.745,100.0,100.0,100.0,,0,0,No Fix
639,16:00:07.000 08/16/2024,42.09786060,-87.82780800,159.745,100.0,100.0,100.0,,0,0,No Fix
640,16:00:08.000 08/16/2024,42.09786060,-87.82780800,159.745,100.0,100.0,100.0,,0,0,No Fix
641,16:00:09.000 08/16/2024,42.09786060,-87.82780800,159.745,100.0,100.0,100.0,,0,0,No Fix
642,16:00:10.000 08/16/2024,42.09786060,-87.82780800,159.745,100.0,100.0,100.0,,0,0,No Fix
643,16:00:11.000 08/16/2024,42.09786060,-87.82780800,159.745,100.0,100.0,100.0,,0,0,No Fix
644,16:00:12.000 08/16/2024,42.09786060,-87.82780800,159.745,100.0,100.0,100.0,,0,0,No Fix
645,16:00:13.000 08/16/2024,42.09786060,-87.82780800,159.745,100.0,100.0,100.0,,0,0,No Fix
646,16:00:14.000 08/16/2024,42.09786060,-87.82780800,159.745,100.0,100.0,100.0,,0,0,No Fix
647,16:00:15.000 08/16/2024,42.09786060,-87.82780800,159.745,100.0,100.0,100.0,,0,0,No Fix
648,16:00:16.000 08/16/2024,42.09786060,-87.82780800,159.745,100.0,100.0,100.0,,0,0,No Fix
649,16:00:17.000 08/16/2024,42.09786060,-87.82780800,159.745,100.0,100.0,100.0,,0,0,No Fix
650,16:00:18.000 08/16/2024,42.09786060,-87.82780800,159.745,100.0,100.0,100.0,,0,0,No Fix
651,16:00:19.000 08/16/2024,42.09786060,-87.82780800,159.745,100.0,100.0,100.0,,0,0,No Fix
652,16:00:20.000 08/16/2024,42.09786060,-87.82780800,159.745,100.0,100.0,100.0,,0,0,No Fix
653,16:00:21.000 08/16/2024,42.09786060,-87.82780800,159.745,100.0,100.0,100.0,,0,0,No Fix
654,16:00:22.000 08/16/2024,42.09786060,-87.82780800,159.745,100.0,100.0,100.0,,0,0,No Fix
655,16:00:23.000 08/16/2024,42.09786060,-87.82780800,159.745,100.0,100.0,100.0,,0,0,No Fix
656,16:00:24.000 08/16/2024,42.09786060,-87.82780800,159.745,100.0,100.0,100.0,,0,0,No Fix
657,16:00:25.000 08/16/2024,42.09786060,-87.82780800,159.745,100.0,100.0,100.0,,0,0,No Fix
658,16:00:26.000 08/16/2024,42.09786060,-87.82780800,159.745,100.0,100.0,100.0,,0,0,No Fix
659,16:00:27.000 08/16/2024,42.09786060,-87.82780800,159.745,100.0,100.0,100.0,,0,0,No Fix
660,16:00:28.000 08/16/2024,42.09786060,-87.82780800,159.745,100.0,100.0,100.0,,0,0,No Fix
661,16:00:29.000 08/16/2024,42.09786060,-87.82780800,159.745,100.0,100.0,100.0,,0,0,No Fix
662,16:00:30.000 08/16/2024,42.09786060,-87.82780800,159.745,100.0,100.0,100.0,,0,0,No Fix
663,16:00:31.000 08/16/2024,42.09786060,-87.82780800,159.745,100.0,100.0,100.0,,0,0,No Fix
664,16:00:32.000 08/16/2024,42.09786060,-87.82780800,159.745,100.0,100.0,100.0,,0,0,No Fix
665,16:00:33.000 08/16/2024,42.09786060,-87.82780800,159.745,100.0,100.0,100.0,,0,0,No Fix
666,16:00:34.000 08/16/2024,42.09786060,-87.82780800,159.745,100.0,100.0,100.0,,0,0,No Fix
667,16:00:35.000 08/16/2024,42.09786060,-87.82780800,159.745,100.0,100.0,100.0,,0,0,No Fix
668,16:00:36.000 08/16/2024,42.09786060,-87.82780800,159.745,100.0,100.0,100.0,,0,0,No Fix
669,16:00:37.000 08/16/2024,42.09786060,-87.82780800,159.745,100.0,100.0,100.0,,0,0,No Fix
670,16:00:38.000 08/16/2024,42.09786060,-87.82780800,159.745,100.0,100.0,100.0,,0,0,No Fix
671,16:00:39.000 08/16/2024,42.09786060,-87.82780800,159.745,100.0,100.0,100.0,,0,0,No Fix
672,16:00:40.000 08/16/2024,42.09786060,-87.82780800,159.745,100.0,100.0,100.0,,0,0,No Fix
673,16:00:41.000 08/16/2024,42.09786060,-87.82780800,159.745,100.0,100.0,100.0,,0,0,No Fix
674,16:00:42.000 08/16/2024,42.09786060,-87.82780800,159.745,100.0,100.0,100.0,,0,0,No Fix
675,16:00:43.000 08/16/2024,42.09786060,-87.82780800,159.745,100.0,100.0,100.0,,0,0,No Fix
676,16:00:44.000 08/16/2024,42.09786060,-87.82780800,159.745,100.0,100.0,100.0,,0,0,No Fix
677,16:00:45.000 08/16/2024,42.09786060,-87.82780800,159.745,100.0,100.0,100.0,,0,0,No Fix
678,16:00:46.000 08/16/2024,42.09786060,-87.82780800,159.745,100.0,100.0,100.0,,0,0,No Fix
679,16:00:47.000 08/16/2024,42.09786060,-87.82780800,159.745,100.0,100.0,100.0,,0,0,No Fix
680,16:00:48.000 08/16/2024,42.09786060,-87.82780800,159.745,100.0,100.0,100.0,,0,0,No Fix
681,16:00:49.000 08/16/2024,42.09786060,-87.82780800,159.745,100.0,100.0,100.0,,0,0,No Fix
682,16:00:50.000 08/16/2024,42.09786060,-87.82780800,159.745,100.0,100.0,100.0,,0,0,No Fix
683,16:00:51.000 08/16/2024,42.09786060,-87.82780800,159.745,100.0,100.0,100.0,,0,0,No Fix
684,16:00:52.000 08/16/2024,42.09786060,-87.82780800,159.745,100.0,100.0,100.0,,0,0,No Fix
685,16:00:53.000 08/16/2024,42.09786060,-87.82780800,159.745,100.0,100.0,100.0,,0,0,No Fix
686,16:00:54.000 08/16/2024,42.09786060,-87.82780800,159.745,100.0,100.0,100.0,,0,0,No Fix
687,16:00:55.000 08/16/2024,42.09786060,-87.82780800,159.745,100.0,100.0,100.0,,0,0,No Fix
688,16:00:56.000 08/16/2024,42.09812000,-87.82795360,159.925,2.7,2.5,1.0,INVALID,5,0,No Fix
689,16:00:57.000 08/16/2024,42.09813150,-87.82794433,159.900,11.8,8.5,8.2,3D,5,0,No Fix
690,16:00:58.000 08/16/2024,42.09814370,-87.82792940,160.102,100.0,100.0,100.0,,0,0,No Fix
691,16:00:59.000 08/16/2024,42.09815590,-87.82791450,160.320,100.0,100.0,100.0,,0,0,No Fix
692,16:01:00.000 08/16/2024,42.09816810,-87.82789950,160.537,100.0,100.0,100.0,,0,0,No Fix
693,16:01:01.000 08/16/2024,42.09818040,-87.82788460,160.755,100.0,100.0,100.0,,0,0,No Fix
694,16:01:02.000 08/16/2024,42.09819260,-87.82786970,160.972,100.0,100.0,100.0,,0,0,No Fix
695,16:01:03.000 08/16/2024,42.09820480,-87.82785480,161.190,100.0,100.0,100.0,,0,0,No Fix
696,16:01:04.000 08/16/2024,42.09821700,-87.82783990,161.407,100.0,100.0,100.0,,0,0,No Fix
697,16:01:05.000 08/16/2024,42.09822930,-87.82782500,161.625,100.0,100.0,100.0,,0,0,No Fix
698,16:01:06.000 08/16/2024,42.09824150,-87.82781010,161.842,100.0,100.0,100.0,,0,0,No Fix
699,16:01:07.000 08/16/2024,42.09825370,-87.82779520,162.060,100.0,100.0,100.0,,0,0,No Fix
700,16:01:08.000 08/16/2024,42.09818983,-87.82789267,158.800,9.9,6.9,7.1,3D,6,0,No Fix
701,16:01:09.000 08/16/2024,42.09816150,-87.82789583,159.200,3.7,2.7,2.6,3D,8,0,No Fix
702,16:01:10.000 08/16/2024,42.09810017,-87.82784633,155.400,3.6,2.1,3.0,3D,8,0,No Fix
703,16:01:11.000 08/16/2024,42.09806250,-87.82780717,154.400,13.1,7.8,10.4,3D,5,0,No Fix
704,16:01:12.000 08/16/2024,42.09805780,-87.82780270,154.287,100.0,100.0,100.0,,0,0,No Fix
705,16:01:13.000 08/16/2024,42.09805320,-87.82779830,154.240,100.0,100.0,100.0,,0,0,No Fix
706,16:01:14.000 08/16/2024,42.09804850,-87.82779390,154.192,100.0,100.0,100.0,,0,0,No Fix
707,16:01:15.000 08/16/2024,42.09804390,-87.82778950,154.145,100.0,100.0,100.0,,0,0,No Fix
708,16:01:16.000 08/16/2024,42.09803920,-87.82778510,154.098,100.0,100.0,100.0,,0,0,No Fix
709,16:01:17.000 08/16/2024,42.09803450,-87.82778070,154.051,100.0,100.0,100.0,,0,0,No Fix
710,16:01:18.000 08/16/2024,42.09802990,-87.82777630,154.004,100.0,100.0,100.0,,0,0,No Fix
711,16:01:19.000 08/16/2024,42.09802520,-87.82777190,153.956,100.0,100.0,100.0,,0,0,No Fix
712,16:01:20.000 08/16/2024,42.09802060,-87.82776750,153.909,100.0,100.0,100.0,,0,0,No Fix
713,16:01:21.000 08/16/2024,42.09801590,-87.82776300,153.862,100.0,100.0,100.0,,0,0,No Fix
714,16:01:22.000 08/16/2024,42.09801120,-87.82775860,153.815,100.0,100.0,100.0,,0,0,No Fix
715,16:01:23.000 08/16/2024,42.09801120,-87.82775860,153.815,100.0,100.0,100.0,,0,0,No Fix
716,16:01:24.000 08/16/2024,42.09801120,-87.82775860,153.815,100.0,100.0,100.0,,0,0,No Fix
717,16:01:25.000 08/16/2024,42.09819480,-87.82767140,153.057,2.3,2.1,1.0,INVALID,4,0,No Fix
718,16:01:26.000 08/16/2024,42.09818090,-87.82768160,153.057,100.0,100.0,100.0,,0,0,No Fix
719,16:01:27.000 08/16/2024,42.09816700,-87.82769190,153.057,100.0,100.0,100.0,,0,0,No Fix
720,16:01:28.000 08/16/2024,42.09815320,-87.82770210,153.057,100.0,100.0,100.0,,0,0,No Fix
721,16:01:29.000 08/16/2024,42.09813930,-87.82771230,153.056,100.0,100.0,100.0,,0,0,No Fix
722,16:01:30.000 08/16/2024,42.09812550,-87.82772260,153.056,100.0,100.0,100.0,,0,0,No Fix
723,16:01:31.000 08/16/2024,42.09811160,-87.82773280,153.056,100.0,100.0,100.0,,0,0,No Fix
724,16:01:32.000 08/16/2024,42.09809780,-87.82774310,153.056,100.0,100.0,100.0,,0,0,No Fix
725,16:01:33.000 08/16/2024,42.09808390,-87.82775330,153.055,100.0,100.0,100.0,,0,0,No Fix
726,16:01:34.000 08/16/2024,42.09807010,-87.82776360,153.055,100.0,100.0,100.0,,0,0,No Fix
727,16:01:35.000 08/16/2024,42.09805620,-87.82777380,153.055,100.0,100.0,100.0,,0,0,No Fix
728,16:01:36.000 08/16/2024,42.09804240,-87.82778400,153.055,100.0,100.0,100.0,,0,0,No Fix
729,16:01:37.000 08/16/2024,42.09804240,-87.82778400,153.055,100.0,100.0,100.0,,0,0,No Fix
730,16:01:38.000 08/16/2024,42.09804240,-87.82778400,153.055,100.0,100.0,100.0,,0,0,No Fix
731,16:01:39.000 08/16/2024,42.09804240,-87.82778400,153.055,100.0,100.0,100.0,,0,0,No Fix
732,16:01:40.000 08/16/2024,42.09804240,-87.82778400,153.055,100.0,100.0,100.0,,0,0,No Fix
733,16:01:41.000 08/16/2024,42.09804240,-87.82778400,153.055,100.0,100.0,100.0,,0,0,No Fix
734,16:01:42.000 08/16/2024,42.09804240,-87.82778400,153.055,100.0,100.0,100.0,,0,0,No Fix
735,16:01:43.000 08/16/2024,42.09804240,-87.82778400,153.055,100.0,100.0,100.0,,0,0,No Fix
736,16:01:44.000 08/16/2024,42.09804240,-87.82778400,153.055,100.0,100.0,100.0,,0,0,No Fix
737,16:01:45.000 08/16/2024,42.09804240,-87.82778400,153.055,100.0,100.0,100.0,,0,0,No Fix
738,16:01:46.000 08/16/2024,42.09804240,-87.82778400,153.055,100.0,100.0,100.0,,0,0,No Fix
739,16:01:47.000 08/16/2024,42.09804240,-87.82778400,153.055,100.0,100.0,100.0,,0,0,No Fix
740,16:01:48.000 08/16/2024,42.09804240,-87.82778400,153.055,100.0,100.0,100.0,,0,0,No Fix
741,16:01:49.000 08/16/2024,42.09804240,-87.82778400,153.055,100.0,100.0,100.0,,0,0,No Fix
742,16:01:50.000 08/16/2024,42.09804240,-87.82778400,153.055,100.0,100.0,100.0,,0,0,No Fix
743,16:01:51.000 08/16/2024,42.09804240,-87.82778400,153.055,100.0,100.0,100.0,,0,0,No Fix
744,16:01:52.000 08/16/2024,42.09804240,-87.82778400,153.055,100.0,100.0,100.0,,0,0,No Fix
745,16:01:53.000 08/16/2024,42.09804240,-87.82778400,153.055,100.0,100.0,100.0,,0,0,No Fix
746,16:01:54.000 08/16/2024,42.09804240,-87.82778400,153.055,100.0,100.0,100.0,,0,0,No Fix
747,16:01:55.000 08/16/2024,42.09804240,-87.82778400,153.055,100.0,100.0,100.0,,0,0,No Fix
748,16:01:56.000 08/16/2024,42.09804240,-87.82778400,153.055,100.0,100.0,100.0,,0,0,No Fix
749,16:01:57.000 08/16/2024,42.09804240,-87.82778400,153.055,100.0,100.0,100.0,,0,0,No Fix
750,16:01:58.000 08/16/2024,42.09804240,-87.82778400,153.055,100.0,100.0,100.0,,0,0,No Fix
751,16:01:59.000 08/16/2024,42.09804240,-87.82778400,153.055,100.0,100.0,100.0,,0,0,No Fix
752,16:02:00.000 08/16/2024,42.09804240,-87.82778400,153.055,100.0,100.0,100.0,,0,0,No Fix
753,16:02:01.000 08/16/2024,42.09804240,-87.82778400,153.055,100.0,100.0,100.0,,0,0,No Fix
754,16:02:02.000 08/16/2024,42.09804240,-87.82778400,153.055,100.0,100.0,100.0,,0,0,No Fix
755,16:02:03.000 08/16/2024,42.09804240,-87.82778400,153.055,100.0,100.0,100.0,,0,0,No Fix
756,16:02:04.000 08/16/2024,42.09804240,-87.82778400,153.055,100.0,100.0,100.0,,0,0,No Fix
757,16:02:05.000 08/16/2024,42.09804240,-87.82778400,153.055,100.0,100.0,100.0,,0,0,No Fix
758,16:02:06.000 08/16/2024,42.09804240,-87.82778400,153.055,100.0,100.0,100.0,,0,0,No Fix
759,16:02:07.000 08/16/2024,42.09804240,-87.82778400,153.055,100.0,100.0,100.0,,0,0,No Fix
760,16:02:08.000 08/16/2024,42.09804240,-87.82778400,153.055,100.0,100.0,100.0,,0,0,No Fix
761,16:02:09.000 08/16/2024,42.09804240,-87.82778400,153.055,100.0,100.0,100.0,,0,0,No Fix
762,16:02:10.000 08/16/2024,42.09804240,-87.82778400,153.055,100.0,100.0,100.0,,0,0,No Fix
763,16:02:11.000 08/16/2024,42.09804240,-87.82778400,153.055,100.0,100.0,100.0,,0,0,No Fix
764,16:02:12.000 08/16/2024,42.09842010,-87.82822770,148.695,4.0,3.9,1.0,INVALID,6,0,No Fix
765,16:02:13.000 08/16/2024,42.09840310,-87.82824870,139.866,11.1,7.9,7.8,INVALID,6,0,No Fix
766,16:02:14.000 08/16/2024,42.09834700,-87.82834270,134.760,11.1,7.9,7.8,INVALID,6,0,No Fix
767,16:02:15.000 08/16/2024,42.09835160,-87.82836230,134.756,100.0,100.0,100.0,,0,0,No Fix
768,16:02:16.000 08/16/2024,42.09830500,-87.82846940,133.842,11.1,7.9,7.8,INVALID,6,0,No Fix
769,16:02:17.000 08/16/2024,42.09829420,-87.82853060,146.770,5.7,5.6,1.0,INVALID,5,0,No Fix
770,16:02:18.000 08/16/2024,42.09827270,-87.82860740,150.573,29.7,12.1,27.1,INVALID,5,0,No Fix
771,16:02:19.000 08/16/2024,42.09826750,-87.82862010,150.571,100.0,100.0,100.0,,0,0,No Fix
772,16:02:20.000 08/16/2024,42.09826230,-87.82863280,150.570,100.0,100.0,100.0,,0,0,No Fix
773,16:02:21.000 08/16/2024,42.09825710,-87.82864550,150.568,100.0,100.0,100.0,,0,0,No Fix
774,16:02:22.000 08/16/2024,42.09825200,-87.82865810,150.566,100.0,100.0,100.0,,0,0,No Fix
775,16:02:23.000 08/16/2024,42.09824680,-87.82867080,150.565,100.0,100.0,100.0,,0,0,No Fix
776,16:02:24.000 08/16/2024,42.09824160,-87.82868350,150.563,100.0,100.0,100.0,,0,0,No Fix
777,16:02:25.000 08/16/2024,42.09823640,-87.82869620,150.561,100.0,100.0,100.0,,0,0,No Fix
778,16:02:26.000 08/16/2024,42.09823120,-87.82870890,150.560,100.0,100.0,100.0,,0,0,No Fix
779,16:02:27.000 08/16/2024,42.09822600,-87.82872160,150.558,100.0,100.0,100.0,,0,0,No Fix
780,16:02:28.000 08/16/2024,42.09822080,-87.82873430,150.557,100.0,100.0,100.0,,0,0,No Fix
781,16:02:29.000 08/16/2024,42.09821560,-87.82874700,150.555,100.0,100.0,100.0,,0,0,No Fix
782,16:02:30.000 08/16/2024,42.09807330,-87.82833270,152.882,4.0,3.9,1.0,INVALID,6,0,No Fix
783,16:02:31.000 08/16/2024,42.09807540,-87.82831230,151.015,11.0,7.8,7.7,INVALID,6,0,No Fix
784,16:02:32.000 08/16/2024,42.09808520,-87.82838910,151.129,11.0,7.8,7.7,INVALID,6,0,No Fix
785,16:02:33.000 08/16/2024,42.09809320,-87.82838020,150.392,11.0,7.8,7.7,INVALID,6,0,No Fix
786,16:02:34.000 08/16/2024,42.09808967,-87.82836383,150.200,11.0,7.8,7.7,3D,6,0,No Fix
787,16:02:35.000 08/16/2024,42.09808320,-87.82837890,150.185,100.0,100.0,100.0,,0,0,No Fix
788,16:02:36.000 08/16/2024,42.09807583,-87.82835367,146.600,11.0,7.8,7.7,3D,5,0,No Fix
789,16:02:37.000 08/16/2024,42.09807360,-87.82836270,146.561,100.0,100.0,100.0,,0,0,No Fix
790,16:02:38.000 08/16/2024,42.09807150,-87.82837180,146.555,100.0,100.0,100.0,,0,0,No Fix
791,16:02:39.000 08/16/2024,42.09806940,-87.82838090,146.548,100.0,100.0,100.0,,0,0,No Fix
792,16:02:40.000 08/16/2024,42.09806720,-87.82839000,146.541,100.0,100.0,100.0,,0,0,No Fix
793,16:02:41.000 08/16/2024,42.09806510,-87.82839900,146.534,100.0,100.0,100.0,,0,0,No Fix
794,16:02:42.000 08/16/2024,42.09806300,-87.82840810,146.527,100.0,100.0,100.0,,0,0,No Fix
795,16:02:43.000 08/16/2024,42.09806080,-87.82841720,146.520,100.0,100.0,100.0,,0,0,No Fix
796,16:02:44.000 08/16/2024,42.09805870,-87.82842630,146.513,100.0,100.0,100.0,,0,0,No Fix
797,16:02:45.000 08/16/2024,42.09805660,-87.82843540,146.506,100.0,100.0,100.0,,0,0,No Fix
798,16:02:46.000 08/16/2024,42.09805440,-87.82844450,146.500,100.0,100.0,100.0,,0,0,No Fix
799,16:02:47.000 08/16/2024,42.09805230,-87.82845360,146.493,100.0,100.0,100.0,,0,0,No Fix
800,16:02:48.000 08/16/2024,42.09805230,-87.82845360,146.493,100.0,100.0,100.0,,0,0,No Fix
801,16:02:49.000 08/16/2024,42.09805230,-87.82845360,146.493,100.0,100.0,100.0,,0,0,No Fix
802,16:02:50.000 08/16/2024,42.09803430,-87.82801060,150.781,4.0,3.6,1.7,INVALID,8,0,No Fix
803,16:02:51.000 08/16/2024,42.09794050,-87.82799170,132.755,5.7,3.9,4.3,INVALID,7,0,No Fix
804,16:02:52.000 08/16/2024,42.09785610,-87.82801780,122.061,5.7,3.9,4.3,INVALID,7,0,No Fix
805,16:02:53.000 08/16/2024,42.09779683,-87.82806067,117.000,5.7,3.9,4.3,3D,7,0,No Fix
806,16:02:54.000 08/16/2024,42.09781867,-87.82811017,138.500,5.5,4.0,3.8,3D,7,0,No Fix
807,16:02:55.000 08/16/2024,42.09783083,-87.82796700,156.200,5.2,3.6,3.8,3D,8,0,No Fix
808,16:02:56.000 08/16/2024,42.09776450,-87.82784650,171.500,2.1,1.1,1.8,3D,19,0,No Fix
809,16:02:57.000 08/16/2024,42.09781800,-87.82789733,170.000,1.3,0.8,1.1,3D,22,0,No Fix
810,16:02:58.000 08/16/2024,42.09785867,-87.82794817,167.200,1.4,0.7,1.2,3D,23,0,No Fix
811,16:02:59.000 08/16/2024,42.09787850,-87.82796583,167.500,1.4,0.7,1.2,3D,23,0,No Fix
812,16:03:00.000 08/16/2024,42.09788033,-87.82798067,167.800,1.2,0.7,1.0,3D,24,0,No Fix
813,16:03:01.000 08/16/2024,42.09788483,-87.82799100,167.500,1.4,0.7,1.2,3D,23,0,No Fix
814,16:03:02.000 08/16/2024,42.09789067,-87.82799867,167.500,1.3,0.7,1.1,3D,23,0,No Fix
815,16:03:03.000 08/16/2024,42.09789283,-87.82800950,168.100,1.3,0.7,1.1,3D,23,0,No Fix
816,16:03:04.000 08/16/2024,42.09789283,-87.82801867,168.300,1.3,0.7,1.1,3D,24,0,No Fix
817,16:03:05.000 08/16/2024,42.09789200,-87.82802750,168.100,1.3,0.7,1.1,3D,24,0,No Fix
818,16:03:06.000 08/16/2024,42.09789300,-87.82803783,167.600,1.3,0.7,1.1,3D,24,0,No Fix
819,16:03:07.000 08/16/2024,42.09789583,-87.82804800,166.800,1.3,0.7,1.1,3D,24,0,No Fix
820,16:03:08.000 08/16/2024,42.09790150,-87.82805683,166.100,1.3,0.7,1.1,3D,24,0,No Fix
821,16:03:09.000 08/16/2024,42.09790700,-87.82806450,165.400,1.3,0.7,1.1,3D,24,0,No Fix
822,16:03:10.000 08/16/2024,42.09791267,-87.82807200,164.700,1.3,0.7,1.1,3D,24,0,No Fix
823,16:03:11.000 08/16/2024,42.09792017,-87.82807833,164.100,1.3,0.7,1.1,3D,22,0,No Fix
824,16:03:12.000 08/16/2024,42.09792617,-87.82808617,163.900,1.5,0.8,1.3,3D,23,0,No Fix
825,16:03:13.000 08/16/2024,42.09793250,-87.82809200,162.500,4.0,2.2,3.3,3D,24,0,No Fix
826,16:03:14.000 08/16/2024,42.09794083,-87.82809850,162.700,4.0,2.2,3.3,3D,24,1,Float
827,16:03:15.000 08/16/2024,42.09794933,-87.82810533,162.700,4.0,2.2,3.3,3D,24,1,Float
828,16:03:16.000 08/16/2024,42.09795783,-87.82811333,162.700,4.0,2.2,3.3,3D,24,1,Float
829,16:03:17.000 08/16/2024,42.09796550,-87.82812100,162.600,4.0,2.2,3.3,3D,23,1,Float
830,16:03:18.000 08/16/2024,42.09797300,-87.82812900,162.700,4.0,2.2,3.3,3D,23,1,Float
831,16:03:19.000 08/16/2024,42.09798117,-87.82813600,162.700,4.0,2.2,3.3,3D,22,1,Float
832,16:03:20.000 08/16/2024,42.09798867,-87.82814283,162.700,4.0,2.2,3.3,3D,22,1,Float
833,16:03:21.000 08/16/2024,42.09799383,-87.82815117,162.700,5.1,2.3,4.5,3D,21,0,No Fix
834,16:03:22.000 08/16/2024,42.09799867,-87.82815850,162.500,5.1,2.3,4.5,3D,15,0,No Fix
835,16:03:23.000 08/16/2024,42.09800217,-87.82816233,162.800,1.4,0.9,1.1,3D,14,0,No Fix
836,16:03:24.000 08/16/2024,42.09800600,-87.82815900,162.700,2.5,1.7,1.8,3D,7,0,No Fix
837,16:03:25.000 08/16/2024,42.09800883,-87.82815800,162.600,2.4,1.6,1.8,3D,6,0,No Fix
838,16:03:26.000 08/16/2024,42.09800833,-87.82815200,162.500,3.4,2.2,2.5,3D,6,0,No Fix
839,16:03:27.000 08/16/2024,42.09800633,-87.82814883,162.600,3.2,2.0,2.5,3D,6,0,No Fix
840,16:03:28.000 08/16/2024,42.09800500,-87.82814750,162.900,2.4,1.5,1.9,3D,9,0,No Fix
841,16:03:29.000 08/16/2024,42.09800183,-87.82814100,163.500,2.4,1.5,1.9,3D,9,0,No Fix
842,16:03:30.000 08/16/2024,42.09800117,-87.82813517,163.500,3.0,1.9,2.3,3D,8,0,No Fix
843,16:03:31.000 08/16/2024,42.09800133,-87.82813267,163.400,2.9,1.9,2.3,3D,8,0,No Fix
844,16:03:32.000 08/16/2024,42.09800050,-87.82812767,163.400,2.9,1.9,2.3,3D,8,0,No Fix
845,16:03:33.000 08/16/2024,42.09800017,-87.82812467,163.300,2.9,1.9,2.3,3D,8,0,No Fix
846,16:03:34.000 08/16/2024,42.09800000,-87.82812267,163.100,2.9,1.9,2.3,3D,8,0,No Fix
847,16:03:35.000 08/16/2024,42.09799983,-87.82811917,163.100,3.3,2.1,2.6,3D,7,0,No Fix
848,16:03:36.000 08/16/2024,42.09799917,-87.82811533,163.200,3.3,2.1,2.6,3D,7,0,No Fix
849,16:03:37.000 08/16/2024,42.09799733,-87.82811400,163.100,2.7,1.6,2.1,3D,8,0,No Fix
850,16:03:38.000 08/16/2024,42.09799633,-87.82810933,163.200,3.3,2.1,2.6,3D,7,0,No Fix
851,16:03:39.000 08/16/2024,42.09799617,-87.82810717,163.200,3.3,2.1,2.6,3D,7,0,No Fix
852,16:03:40.000 08/16/2024,42.09799567,-87.82810550,163.100,3.3,2.1,2.6,3D,7,0,No Fix
853,16:03:41.000 08/16/2024,42.09799467,-87.82810533,163.000,3.3,2.1,2.6,3D,7,0,No Fix
854,16:03:42.000 08/16/2024,42.09799367,-87.82810567,162.700,3.3,2.1,2.6,3D,7,0,No Fix
855,16:03:43.000 08/16/2024,42.09799250,-87.82810550,162.500,3.3,2.1,2.6,3D,7,0,No Fix
856,16:03:44.000 08/16/2024,42.09799183,-87.82810300,162.500,2.4,1.5,1.9,3D,9,0,No Fix
857,16:03:45.000 08/16/2024,42.09799100,-87.82810200,162.400,3.1,2.0,2.4,3D,8,0,No Fix
858,16:03:46.000 08/16/2024,42.09798917,-87.82810650,161.900,3.1,2.0,2.4,3D,8,0,No Fix
859,16:03:47.000 08/16/2024,42.09798733,-87.82810567,161.800,2.1,1.2,1.8,3D,7,0,No Fix
860,16:03:48.000 08/16/2024,42.09798567,-87.82811167,161.200,2.1,1.2,1.8,3D,7,0,No Fix
861,16:03:49.000 08/16/2024,42.09798333,-87.82811800,160.500,3.3,2.1,2.6,3D,7,0,No Fix
862,16:03:50.000 08/16/2024,42.09798250,-87.82811317,160.700,2.0,1.1,1.7,3D,8,0,No Fix
863,16:03:51.000 08/16/2024,42.09798217,-87.82811133,160.600,2.0,1.1,1.7,3D,8,0,No Fix
864,16:03:52.000 08/16/2024,42.09798067,-87.82811167,160.400,3.3,2.1,2.6,3D,7,0,No Fix
865,16:03:53.000 08/16/2024,42.09797967,-87.82811217,160.100,3.3,2.1,2.6,3D,7,0,No Fix
866,16:03:54.000 08/16/2024,42.09797900,-87.82811100,160.000,3.3,2.1,2.6,3D,8,0,No Fix
867,16:03:55.000 08/16/2024,42.09797950,-87.82811233,159.600,3.4,2.0,2.7,3D,8,0,No Fix
868,16:03:56.000 08/16/2024,42.09798083,-87.82811017,159.400,3.4,2.0,2.7,3D,8,0,No Fix
869,16:03:57.000 08/16/2024,42.09798150,-87.82811133,158.900,3.4,2.0,2.7,3D,8,0,No Fix
870,16:03:58.000 08/16/2024,42.09798183,-87.82811183,158.500,3.4,2.0,2.7,3D,8,0,No Fix
871,16:03:59.000 08/16/2024,42.09798267,-87.82811200,158.000,2.2,1.3,1.7,3D,8,0,No Fix
872,16:04:00.000 08/16/2024,42.09798233,-87.82811717,157.300,2.2,1.3,1.7,3D,8,0,No Fix
873,16:04:01.000 08/16/2024,42.09798300,-87.82811233,157.500,2.2,1.3,1.7,3D,8,0,No Fix
874,16:04:02.000 08/16/2024,42.09798267,-87.82811750,156.700,2.2,1.3,1.7,3D,8,0,No Fix
875,16:04:03.000 08/16/2024,42.09798217,-87.82811667,156.600,2.2,1.3,1.7,3D,8,0,No Fix
876,16:04:04.000 08/16/2024,42.09798333,-87.82810950,157.100,2.5,1.6,1.9,3D,7,0,No Fix
877,16:04:05.000 08/16/2024,42.09798450,-87.82810717,157.100,2.5,1.6,1.9,3D,7,0,No Fix
878,16:04:06.000 08/16/2024,42.09798533,-87.82810717,156.900,2.5,1.6,1.9,3D,7,0,No Fix
879,16:04:07.000 08/16/2024,42.09798650,-87.82810867,156.700,3.5,2.4,2.7,3D,7,0,No Fix
880,16:04:08.000 08/16/2024,42.09798700,-87.82811267,156.300,3.5,2.3,2.6,3D,8,0,No Fix
881,16:04:09.000 08/16/2024,42.09798817,-87.82811267,156.100,3.3,2.0,2.6,3D,9,0,No Fix
882,16:04:10.000 08/16/2024,42.09798833,-87.82811600,155.800,1.8,1.2,1.4,3D,10,0,No Fix
883,16:04:11.000 08/16/2024,42.09798850,-87.82811183,156.100,2.0,1.5,1.4,3D,10,0,No Fix
884,16:04:12.000 08/16/2024,42.09798983,-87.82810600,156.600,2.4,1.9,1.4,3D,9,0,No Fix
885,16:04:13.000 08/16/2024,42.09799050,-87.82810150,156.900,2.4,1.9,1.4,3D,9,0,No Fix
886,16:04:14.000 08/16/2024,42.09799117,-87.82809467,157.300,2.4,1.9,1.4,3D,9,0,No Fix
887,16:04:15.000 08/16/2024,42.09799183,-87.82809350,157.500,2.4,1.9,1.4,3D,9,0,No Fix
888,16:04:16.000 08/16/2024,42.09799200,-87.82809100,157.700,2.4,1.9,1.4,3D,9,0,No Fix
889,16:04:17.000 08/16/2024,42.09799267,-87.82808983,157.600,2.4,1.9,1.4,3D,9,0,No Fix
890,16:04:18.000 08/16/2024,42.09799317,-87.82809100,157.300,2.4,1.9,1.4,3D,9,0,No Fix
891,16:04:19.000 08/16/2024,42.09799300,-87.82808850,157.400,2.4,1.9,1.4,3D,9,0,No Fix
892,16:04:20.000 08/16/2024,42.09799233,-87.82808983,157.300,2.2,1.8,1.4,3D,9,0,No Fix
893,16:04:21.000 08/16/2024,42.09799167,-87.82809067,157.200,2.2,1.8,1.4,3D,9,0,No Fix
894,16:04:22.000 08/16/2024,42.09799183,-87.82809017,157.200,2.4,1.9,1.4,3D,9,0,No Fix
895,16:04:23.000 08/16/2024,42.09799167,-87.82808883,157.300,2.4,1.9,1.4,3D,9,0,No Fix
896,16:04:24.000 08/16/2024,42.09799167,-87.82808750,157.200,2.4,1.9,1.4,3D,9,0,No Fix
897,16:04:25.000 08/16/2024,42.09799117,-87.82808867,157.100,2.4,1.9,1.4,3D,9,0,No Fix
898,16:04:26.000 08/16/2024,42.09799000,-87.82808917,156.900,2.2,1.8,1.4,3D,9,0,No Fix
899,16:04:27.000 08/16/2024,42.09799033,-87.82808550,157.100,2.0,1.5,1.4,3D,10,0,No Fix
900,16:04:28.000 08/16/2024,42.09799133,-87.82808567,157.300,2.0,1.5,1.4,3D,10,0,No Fix
901,16:04:29.000 08/16/2024,42.09799183,-87.82808750,157.300,2.0,1.4,1.4,3D,10,0,No Fix
902,16:04:30.000 08/16/2024,42.09799300,-87.82808767,157.500,2.0,1.5,1.4,3D,10,0,No Fix
903,16:04:31.000 08/16/2024,42.09799483,-87.82808617,157.700,2.0,1.5,1.4,3D,10,0,No Fix
904,16:04:32.000 08/16/2024,42.09799633,-87.82808517,157.900,3.3,2.0,2.6,3D,10,0,No Fix
905,16:04:33.000 08/16/2024,42.09799733,-87.82808600,158.000,2.0,1.5,1.4,3D,10,0,No Fix
906,16:04:34.000 08/16/2024,42.09799700,-87.82809467,157.200,2.1,1.5,1.5,3D,10,0,No Fix
907,16:04:35.000 08/16/2024,42.09799633,-87.82809550,157.100,2.1,1.5,1.5,3D,10,0,No Fix
908,16:04:36.000 08/16/2024,42.09799450,-87.82809583,157.000,3.0,1.9,2.3,3D,8,0,No Fix
909,16:04:37.000 08/16/2024,42.09799283,-87.82809667,157.000,3.0,1.9,2.3,3D,7,0,No Fix
