Index,UTC,Lat,Lon,Alt (HAE),PDOP,HDOP,Fix type (GPS),Fix type (GPS) valid,PACC H,PACC V,PACC 3D,EDOP,NDOP,VDOP,GDOP,DGPS,SVs Used
0,21:58:55.000 ??/??/????,41.88832567,-87.65932650,,,,2/3D,Yes,,,,,,,,Yes,13
1,21:58:56.000 08/27/2024,41.88831350,-87.65932500,93.100,2.6,1.4,3D,Yes,9.842,11.156,14.877,,,2.1,,Yes,14
2,21:58:57.000 08/27/2024,41.88830133,-87.65932250,93.300,2.6,1.4,3D,Yes,9.788,11.174,14.855,,,2.1,,Yes,12
3,21:58:58.000 08/27/2024,41.88828817,-87.65931617,93.500,1.9,1.0,3D,Yes,9.714,11.170,14.803,,,1.6,,Yes,13
4,21:58:59.000 08/27/2024,41.88827667,-87.65930517,93.900,1.9,1.0,3D,Yes,9.643,11.159,14.748,,,1.6,,Yes,14
5,21:59:00.000 08/27/2024,41.88826750,-87.65929467,94.300,2.0,1.1,3D,Yes,9.619,11.190,14.756,,,1.6,,Yes,14
6,21:59:01.000 08/27/2024,41.88825633,-87.65929100,94.700,1.8,1.0,3D,Yes,9.593,11.190,14.739,,,1.5,,Yes,13
7,21:59:02.000 08/27/2024,41.88824217,-87.65929517,95.100,1.6,0.9,3D,Yes,9.558,11.186,14.713,,,1.4,,Yes,16
8,21:59:03.000 08/27/2024,41.88822433,-87.65931850,95.300,1.8,0.9,3D,Yes,9.512,11.151,14.657,,,1.5,,Yes,14
9,21:59:04.000 08/27/2024,41.88820417,-87.65935900,96.000,1.8,0.9,3D,Yes,9.426,11.109,14.569,,,1.5,,Yes,14
10,21:59:05.000 08/27/2024,41.88818467,-87.65940850,96.100,1.8,0.9,3D,Yes,9.396,11.090,14.535,,,1.5,,Yes,13
11,21:59:06.000 08/27/2024,41.88817317,-87.65947150,96.400,2.5,1.4,3D,Yes,9.391,11.104,14.543,,,2.1,,Yes,13
12,21:59:07.000 08/27/2024,41.88816717,-87.65955767,97.200,2.6,1.4,3D,Yes,9.333,11.088,14.493,,,2.1,,Yes,13
13,21:59:08.000 08/27/2024,41.88822300,-87.65968083,101.500,2.5,1.4,3D,Yes,7.645,8.969,11.785,,,2.1,,Yes,15
14,21:59:09.000 08/27/2024,41.88823867,-87.65978450,104.300,3.8,1.8,3D,Yes,6.891,8.241,10.742,,,3.3,,Yes,12
15,21:59:10.000 08/27/2024,41.88824300,-87.65987767,106.100,3.3,1.7,3D,Yes,6.451,7.860,10.168,,,2.8,,Yes,15
16,21:59:11.000 08/27/2024,41.88824467,-87.65996183,107.700,3.3,1.7,3D,Yes,6.199,7.631,9.832,,,2.8,,Yes,13
17,21:59:12.000 08/27/2024,41.88824433,-87.66003583,108.800,3.8,1.8,3D,Yes,6.059,7.479,9.625,,,3.3,,Yes,13
18,21:59:13.000 08/27/2024,41.88824233,-87.66010033,109.300,3.3,1.7,3D,Yes,6.209,7.535,9.764,,,2.8,,Yes,12
19,21:59:14.000 08/27/2024,41.88823833,-87.66015233,109.500,3.3,1.7,3D,Yes,6.361,7.593,9.905,,,2.8,,Yes,12
20,21:59:15.000 08/27/2024,41.88822950,-87.66019133,109.600,3.8,1.8,3D,Yes,6.515,7.650,10.048,,,3.3,,Yes,11
21,21:59:16.000 08/27/2024,41.88822133,-87.66022367,109.800,3.3,1.7,3D,Yes,6.665,7.716,10.196,,,2.8,,Yes,12
22,21:59:17.000 08/27/2024,41.88821733,-87.66024550,110.000,3.8,1.8,3D,Yes,6.791,7.783,10.329,,,3.3,,Yes,12
23,21:59:18.000 08/27/2024,41.88821017,-87.66025750,110.300,3.8,1.8,3D,Yes,6.911,7.851,10.459,,,3.3,,Yes,12
24,21:59:19.000 08/27/2024,41.88820400,-87.66026867,110.700,3.3,1.7,3D,Yes,7.032,7.922,10.593,,,2.8,,Yes,13
25,21:59:20.000 08/27/2024,41.88819633,-87.66029417,111.000,3.3,1.7,3D,Yes,7.143,7.995,10.721,,,2.8,,Yes,15
26,21:59:21.000 08/27/2024,41.88818983,-87.66033767,111.400,3.3,1.7,3D,Yes,7.268,8.070,10.860,,,2.8,,Yes,12
27,21:59:22.000 08/27/2024,41.88818633,-87.66039833,111.500,3.3,1.7,3D,Yes,7.361,8.143,10.977,,,2.8,,Yes,15
28,21:59:23.000 08/27/2024,41.88818133,-87.66047533,111.800,3.3,1.7,3D,Yes,7.480,8.219,11.113,,,2.8,,Yes,12
29,21:59:24.000 08/27/2024,41.88817917,-87.66056767,111.900,3.3,1.7,3D,Yes,7.568,8.285,11.221,,,2.8,,Yes,14
30,21:59:25.000 08/27/2024,41.88817800,-87.66066450,112.100,3.3,1.7,3D,Yes,7.661,8.356,11.336,,,2.8,,Yes,14
31,21:59:26.000 08/27/2024,41.88817467,-87.66075533,112.500,3.3,1.7,3D,Yes,7.752,8.428,11.451,,,2.8,,Yes,14
32,21:59:27.000 08/27/2024,41.88818650,-87.66084167,114.700,3.7,1.8,3D,Yes,6.553,7.595,10.031,,,3.3,,Yes,13
33,21:59:28.000 08/27/2024,41.88818850,-87.66090017,115.800,3.7,1.8,3D,Yes,6.086,7.330,9.527,,,3.3,,Yes,13
34,21:59:29.000 08/27/2024,41.88818900,-87.66094567,116.400,3.3,1.7,3D,Yes,5.832,7.208,9.272,,,2.8,,Yes,15
35,21:59:30.000 08/27/2024,41.88818667,-87.66098083,116.800,3.7,1.8,3D,Yes,5.678,7.135,9.119,,,3.3,,Yes,15
36,21:59:31.000 08/27/2024,41.88818317,-87.66101217,117.300,2.1,1.3,3D,Yes,5.747,7.148,9.172,,,1.6,,Yes,15
37,21:59:32.000 08/27/2024,41.88817083,-87.66104867,117.600,3.3,1.7,3D,Yes,5.895,7.205,9.309,,,2.8,,Yes,16
38,21:59:33.000 08/27/2024,41.88815200,-87.66107933,117.700,3.3,1.7,3D,Yes,6.166,7.274,9.536,,,2.8,,Yes,14
39,21:59:34.000 08/27/2024,41.88812817,-87.66110683,118.000,3.3,1.7,3D,Yes,6.589,7.346,9.868,,,2.8,,Yes,16
40,21:59:35.000 08/27/2024,41.88808917,-87.66113200,118.200,3.3,1.7,3D,Yes,7.119,7.416,10.280,,,2.8,,Yes,13
41,21:59:36.000 08/27/2024,41.88801600,-87.66115083,118.700,3.3,1.7,3D,Yes,7.542,7.486,10.626,,,2.8,,Yes,15
42,21:59:37.000 08/27/2024,41.88794833,-87.66116400,119.000,3.3,1.7,3D,Yes,8.073,7.560,11.060,,,2.8,,Yes,12
43,21:59:38.000 08/27/2024,41.88787517,-87.66116867,119.300,3.3,1.7,3D,Yes,8.654,7.654,11.553,,,2.8,,Yes,14
44,21:59:39.000 08/27/2024,41.88779333,-87.66117350,119.300,2.5,1.5,3D,Yes,9.058,7.724,11.904,,,1.9,,Yes,14
45,21:59:40.000 08/27/2024,41.88771433,-87.66117750,119.300,2.3,1.4,3D,Yes,9.511,7.805,12.304,,,1.9,,Yes,15
46,21:59:41.000 08/27/2024,41.88763583,-87.66117683,119.300,2.8,1.5,3D,Yes,10.007,7.901,12.750,,,2.3,,Yes,13
47,21:59:42.000 08/27/2024,41.88756233,-87.66117833,119.200,2.4,1.4,3D,Yes,10.252,7.994,13.000,,,2.0,,Yes,14
48,21:59:43.000 08/27/2024,41.88749567,-87.66118017,119.100,2.3,1.4,3D,Yes,10.258,8.091,13.065,,,1.8,,Yes,16
49,21:59:44.000 08/27/2024,41.88743817,-87.66118100,119.000,2.3,1.4,3D,Yes,10.506,8.188,13.320,,,1.8,,Yes,15
50,21:59:45.000 08/27/2024,41.88738717,-87.66117800,118.900,2.7,1.5,3D,Yes,10.619,8.288,13.470,,,2.2,,Yes,11
51,21:59:46.000 08/27/2024,41.88735267,-87.66117483,119.100,1.8,1.1,3D,Yes,10.829,8.408,13.710,,,1.5,,Yes,14
52,21:59:47.000 08/27/2024,41.88732483,-87.66116550,119.600,1.5,0.8,3D,Yes,10.825,8.479,13.750,,,1.3,,Yes,13
53,21:59:48.000 08/27/2024,41.88729383,-87.66114950,120.000,1.5,0.8,3D,Yes,10.787,8.537,13.756,,,1.3,,Yes,14
54,21:59:49.000 08/27/2024,41.88727150,-87.66113667,119.700,1.7,1.0,3D,Yes,10.809,8.648,13.843,,,1.4,,Yes,13
55,21:59:50.000 08/27/2024,41.88725100,-87.66113300,119.600,1.7,1.0,3D,Yes,10.692,8.764,13.825,,,1.4,,Yes,13
56,21:59:51.000 08/27/2024,41.88722817,-87.66112617,119.300,1.9,1.1,3D,Yes,10.616,8.864,13.830,,,1.5,,Yes,13
57,21:59:52.000 08/27/2024,41.88720117,-87.66111467,119.000,1.5,0.8,3D,Yes,10.575,8.989,13.879,,,1.3,,Yes,14
58,21:59:53.000 08/27/2024,41.88718733,-87.66110733,119.000,1.5,0.8,3D,Yes,10.602,9.126,13.989,,,1.3,,Yes,14
59,21:59:54.000 08/27/2024,41.88717067,-87.66109967,119.000,1.5,0.8,3D,Yes,10.531,9.232,14.005,,,1.3,,Yes,13
60,21:59:55.000 08/27/2024,41.88716467,-87.66109633,119.100,1.6,0.9,3D,Yes,10.580,9.379,14.139,,,1.3,,Yes,14
61,21:59:56.000 08/27/2024,41.88716483,-87.66109200,119.600,1.5,0.8,3D,Yes,10.632,9.511,14.265,,,1.3,,Yes,15
62,21:59:57.000 08/27/2024,41.88716267,-87.66108983,120.200,2.5,1.4,3D,Yes,10.689,9.643,14.396,,,2.0,,Yes,12
63,21:59:58.000 08/27/2024,41.88714533,-87.66108150,120.700,2.0,1.2,3D,Yes,10.736,9.777,14.521,,,1.6,,Yes,13
64,21:59:59.000 08/27/2024,41.88711350,-87.66106383,120.800,1.5,0.8,3D,Yes,10.753,9.888,14.608,,,1.3,,Yes,14
65,22:00:00.000 08/27/2024,41.88707950,-87.66103417,120.800,1.6,0.9,3D,Yes,10.796,9.984,14.705,,,1.4,,Yes,13
66,22:00:01.000 08/27/2024,41.88705867,-87.66097133,120.500,1.6,0.9,3D,Yes,10.942,10.144,14.921,,,1.4,,Yes,13
67,22:00:02.000 08/27/2024,41.88703400,-87.66091600,120.400,1.6,0.9,3D,Yes,11.155,10.308,15.188,,,1.4,,Yes,14
68,22:00:03.000 08/27/2024,41.88701550,-87.66085483,120.100,2.1,1.1,3D,Yes,11.329,10.449,15.412,,,1.7,,Yes,13
69,22:00:04.000 08/27/2024,41.88699767,-87.66077733,120.100,2.1,1.1,3D,Yes,11.594,10.611,15.717,,,1.7,,Yes,12
70,22:00:05.000 08/27/2024,41.88698550,-87.66069567,119.600,1.6,0.9,3D,Yes,11.943,10.717,16.046,,,1.4,,Yes,13
71,22:00:06.000 08/27/2024,41.88699183,-87.66060067,118.500,1.5,0.8,3D,Yes,12.185,10.778,16.268,,,1.3,,Yes,13
72,22:00:07.000 08/27/2024,41.88699283,-87.66048317,118.200,1.7,1.0,3D,Yes,12.668,10.947,16.743,,,1.4,,Yes,13
73,22:00:08.000 08/27/2024,41.88700083,-87.66036050,118.300,1.7,1.0,3D,Yes,12.981,11.091,17.074,,,1.4,,Yes,13
74,22:00:09.000 08/27/2024,41.88700667,-87.66025017,119.200,1.7,1.0,3D,Yes,13.126,11.187,17.246,,,1.4,,Yes,15
75,22:00:10.000 08/27/2024,41.88700650,-87.66012550,120.100,1.9,1.1,3D,Yes,13.388,11.317,17.530,,,1.6,,Yes,14
76,22:00:11.000 08/27/2024,41.88701183,-87.66000867,121.400,1.7,1.0,3D,Yes,13.641,11.441,17.804,,,1.4,,Yes,17
77,22:00:12.000 08/27/2024,41.88700467,-87.65988267,122.400,1.7,1.0,3D,Yes,13.749,11.529,17.943,,,1.4,,Yes,16
78,22:00:13.000 08/27/2024,41.88700867,-87.65976533,122.900,2.0,1.2,3D,Yes,13.908,11.652,18.144,,,1.6,,Yes,14
79,22:00:14.000 08/27/2024,41.88701050,-87.65966317,123.300,1.8,1.1,3D,Yes,14.100,11.780,18.373,,,1.4,,Yes,15
80,22:00:15.000 08/27/2024,41.88700950,-87.65956267,124.000,2.3,1.4,3D,Yes,14.257,11.884,18.560,,,1.9,,Yes,13
81,22:00:16.000 08/27/2024,41.88700700,-87.65948083,124.900,2.3,1.4,3D,Yes,14.456,12.004,18.790,,,1.9,,Yes,13
82,22:00:17.000 08/27/2024,41.88700917,-87.65941967,125.400,2.3,1.4,3D,Yes,14.668,12.124,19.030,,,1.9,,Yes,13
83,22:00:18.000 08/27/2024,41.88699117,-87.65935883,126.000,2.4,1.4,3D,Yes,14.848,12.236,19.240,,,2.0,,Yes,13
84,22:00:19.000 08/27/2024,41.88698417,-87.65931317,126.800,2.3,1.4,3D,Yes,14.993,12.351,19.425,,,1.9,,Yes,13
85,22:00:20.000 08/27/2024,41.88699500,-87.65927700,126.000,1.9,1.2,3D,Yes,15.086,12.428,19.546,,,1.4,,Yes,14
86,22:00:21.000 08/27/2024,41.88702733,-87.65925700,125.600,1.9,1.2,3D,Yes,15.108,12.505,19.612,,,1.4,,Yes,15
87,22:00:22.000 08/27/2024,41.88704683,-87.65923100,125.600,1.5,0.8,3D,Yes,15.159,12.639,19.737,,,1.2,,Yes,16
88,22:00:23.000 08/27/2024,41.88706700,-87.65919667,126.200,1.5,0.8,3D,Yes,15.286,12.775,19.921,,,1.2,,Yes,16
89,22:00:24.000 08/27/2024,41.88709267,-87.65917117,127.300,2.1,1.5,3D,Yes,15.416,12.891,20.096,,,1.5,,Yes,14
90,22:00:25.000 08/27/2024,41.88715350,-87.65917667,127.800,2.1,1.5,3D,Yes,15.503,13.029,20.251,,,1.5,,Yes,13
91,22:00:26.000 08/27/2024,41.88722633,-87.65919467,128.400,1.7,1.0,3D,Yes,15.472,13.119,20.285,,,1.4,,Yes,14
92,22:00:27.000 08/27/2024,41.88729267,-87.65920900,129.300,1.7,1.1,3D,Yes,15.323,13.163,20.200,,,1.4,,Yes,14
93,22:00:28.000 08/27/2024,41.88734867,-87.65920200,130.400,1.8,1.1,3D,Yes,15.330,13.280,20.282,,,1.4,,Yes,14
94,22:00:29.000 08/27/2024,41.88741667,-87.65920167,131.100,1.8,1.1,3D,Yes,15.267,13.400,20.314,,,1.4,,Yes,12
95,22:00:30.000 08/27/2024,41.88748633,-87.65920167,131.900,1.8,1.1,3D,Yes,15.115,13.456,20.237,,,1.4,,Yes,15
96,22:00:31.000 08/27/2024,41.88755200,-87.65920083,131.900,1.8,1.1,3D,Yes,15.063,13.557,20.265,,,1.4,,Yes,16
97,22:00:32.000 08/27/2024,41.88761767,-87.65919800,132.200,1.9,1.3,3D,Yes,15.085,13.683,20.366,,,1.5,,Yes,15
98,22:00:33.000 08/27/2024,41.88767000,-87.65919517,132.700,2.2,1.4,3D,Yes,14.899,13.735,20.264,,,1.8,,Yes,15
99,22:00:34.000 08/27/2024,41.88771917,-87.65919417,132.600,1.9,1.2,3D,Yes,14.858,13.863,20.321,,,1.4,,Yes,15
100,22:00:35.000 08/27/2024,41.88775600,-87.65919467,133.300,1.8,1.1,3D,Yes,14.758,13.950,20.308,,,1.4,,Yes,17
101,22:00:36.000 08/27/2024,41.88778250,-87.65919133,133.500,1.7,1.1,3D,Yes,14.559,13.951,20.164,,,1.4,,Yes,14
102,22:00:37.000 08/27/2024,41.88781983,-87.65919367,132.900,1.9,1.2,3D,Yes,14.509,14.066,20.208,,,1.4,,Yes,13
103,22:00:38.000 08/27/2024,41.88780900,-87.65915950,137.500,1.5,0.8,3D,Yes,14.152,13.918,19.849,,,1.3,,Yes,15
104,22:00:39.000 08/27/2024,41.88783850,-87.65917633,137.900,1.8,1.1,3D,Yes,14.005,13.929,19.752,,,1.4,,Yes,14
105,22:00:40.000 08/27/2024,41.88786250,-87.65921250,138.500,2.4,1.4,3D,Yes,13.968,14.013,19.786,,,1.9,,Yes,14
106,22:00:41.000 08/27/2024,41.88786983,-87.65923700,139.000,1.8,1.1,3D,Yes,13.825,13.980,19.661,,,1.4,,Yes,14
107,22:00:42.000 08/27/2024,41.88788167,-87.65926850,138.800,1.8,1.1,3D,Yes,13.581,13.898,19.432,,,1.4,,Yes,14
108,22:00:43.000 08/27/2024,41.88788367,-87.65927917,139.100,1.8,1.1,3D,Yes,13.344,13.813,19.206,,,1.4,,Yes,14
109,22:00:44.000 08/27/2024,41.88788200,-87.65928783,138.800,1.7,1.0,3D,Yes,13.107,13.721,18.975,,,1.4,,Yes,16
110,22:00:45.000 08/27/2024,41.88787950,-87.65929133,138.200,1.7,1.0,3D,Yes,12.900,13.623,18.762,,,1.4,,Yes,16
111,22:00:46.000 08/27/2024,41.88787667,-87.65929067,138.700,1.8,1.1,3D,Yes,12.864,13.675,18.775,,,1.4,,Yes,15
112,22:00:47.000 08/27/2024,41.88785617,-87.65927133,140.900,1.5,0.8,3D,Yes,12.681,13.603,18.597,,,1.2,,Yes,17
113,22:00:48.000 08/27/2024,41.88784133,-87.65925167,143.200,1.5,0.8,3D,Yes,12.440,13.456,18.325,,,1.2,,Yes,17
114,22:00:49.000 08/27/2024,41.88783983,-87.65924867,143.300,2.1,1.3,3D,Yes,12.433,13.505,18.357,,,1.6,,Yes,14
115,22:00:50.000 08/27/2024,41.88783783,-87.65924550,143.100,1.7,1.0,3D,Yes,12.368,13.514,18.319,,,1.4,,Yes,18
116,22:00:51.000 08/27/2024,41.88782567,-87.65922733,145.200,1.4,0.8,3D,Yes,12.113,13.341,18.020,,,1.2,,Yes,17
117,22:00:52.000 08/27/2024,41.88781200,-87.65921283,146.700,1.5,0.8,3D,Yes,11.902,13.228,17.794,,,1.2,,Yes,16
118,22:00:53.000 08/27/2024,41.88779467,-87.65919650,148.600,1.5,0.8,3D,Yes,11.726,13.099,17.581,,,1.2,,Yes,15
119,22:00:54.000 08/27/2024,41.88777967,-87.65917900,150.600,1.5,0.8,3D,Yes,11.534,12.934,17.330,,,1.2,,Yes,14
120,22:00:55.000 08/27/2024,41.88776517,-87.65916333,152.600,1.5,0.8,3D,Yes,11.324,12.805,17.094,,,1.2,,Yes,15
121,22:00:56.000 08/27/2024,41.88775433,-87.65915017,154.500,1.5,0.8,3D,Yes,11.144,12.694,16.892,,,1.2,,Yes,15
122,22:00:57.000 08/27/2024,41.88774483,-87.65914017,155.700,1.7,0.9,3D,Yes,10.951,12.565,16.667,,,1.4,,Yes,14
123,22:00:58.000 08/27/2024,41.88773733,-87.65913217,156.800,1.5,0.8,3D,Yes,10.815,12.500,16.529,,,1.3,,Yes,16
124,22:00:59.000 08/27/2024,41.88773033,-87.65912383,158.000,1.5,0.8,3D,Yes,10.685,12.423,16.386,,,1.3,,Yes,16
125,22:01:00.000 08/27/2024,41.88772350,-87.65911517,158.900,1.7,1.0,3D,Yes,10.562,12.351,16.251,,,1.4,,Yes,14
126,22:01:01.000 08/27/2024,41.88771633,-87.65911083,160.100,1.7,1.0,3D,Yes,10.517,12.328,16.205,,,1.4,,Yes,14
127,22:01:02.000 08/27/2024,41.88770000,-87.65909867,161.500,1.5,0.8,3D,Yes,10.410,12.271,16.092,,,1.3,,Yes,17
128,22:01:03.000 08/27/2024,41.88769100,-87.65908950,163.300,1.6,0.9,3D,Yes,10.269,12.165,15.920,,,1.4,,Yes,16
129,22:01:04.000 08/27/2024,41.88768133,-87.65908300,164.500,1.6,0.9,3D,Yes,10.153,12.098,15.794,,,1.4,,Yes,15
130,22:01:05.000 08/27/2024,41.88766567,-87.65908700,162.200,1.8,1.1,3D,Yes,9.366,11.344,14.711,,,1.4,,Yes,15
131,22:01:06.000 08/27/2024,41.88766633,-87.65908967,161.600,1.8,1.1,3D,Yes,9.168,11.232,14.499,,,1.4,,Yes,16
132,22:01:07.000 08/27/2024,41.88766250,-87.65908183,162.400,2.4,0.9,3D,Yes,9.181,11.283,14.546,,,2.2,,Yes,11
133,22:01:08.000 08/27/2024,41.88765233,-87.65907767,162.000,1.7,0.8,3D,Yes,9.046,11.199,14.396,,,1.5,,Yes,14
134,22:01:09.000 08/27/2024,41.88765383,-87.65908033,161.200,1.5,0.8,3D,Yes,8.871,11.066,14.183,,,1.3,,Yes,15
135,22:01:10.000 08/27/2024,41.88765667,-87.65906867,160.400,1.5,0.8,3D,Yes,8.700,10.943,13.980,,,1.2,,Yes,15
136,22:01:11.000 08/27/2024,41.88765317,-87.65906700,159.100,1.5,0.8,3D,Yes,8.305,10.667,13.519,,,1.3,,Yes,16
137,22:01:12.000 08/27/2024,41.88765383,-87.65906667,158.500,1.8,1.1,3D,Yes,8.115,10.481,13.255,,,1.4,,Yes,16
138,22:01:13.000 08/27/2024,41.88764917,-87.65906717,157.900,1.8,1.1,3D,Yes,7.968,10.348,13.060,,,1.4,,Yes,17
139,22:01:14.000 08/27/2024,41.88763917,-87.65906550,157.500,1.8,1.1,3D,Yes,7.874,10.240,12.917,,,1.4,,Yes,16
140,22:01:15.000 08/27/2024,41.88762633,-87.65905750,156.500,1.8,1.1,3D,Yes,7.669,10.042,12.635,,,1.4,,Yes,17
141,22:01:16.000 08/27/2024,41.88761833,-87.65904867,156.700,1.5,0.8,3D,Yes,7.524,9.931,12.459,,,1.3,,Yes,16
142,22:01:17.000 08/27/2024,41.88761200,-87.65905000,156.700,2.6,1.9,3D,Yes,7.524,9.934,12.462,,,1.7,,Yes,18
143,22:01:18.000 08/27/2024,41.88760750,-87.65904967,156.500,2.6,1.9,3D,Yes,7.487,9.875,12.392,,,1.7,,Yes,18
144,22:01:19.000 08/27/2024,41.88760217,-87.65904250,156.300,2.6,1.9,3D,Yes,7.461,9.884,12.384,,,1.7,,Yes,18
145,22:01:20.000 08/27/2024,41.88759567,-87.65903417,156.200,2.6,1.9,3D,Yes,7.478,9.929,12.430,,,1.7,,Yes,19
146,22:01:21.000 08/27/2024,41.88759000,-87.65903000,156.300,2.6,1.9,3D,Yes,7.490,9.946,12.451,,,1.7,,Yes,19
147,22:01:22.000 08/27/2024,41.88758517,-87.65902967,156.500,2.6,1.9,3D,Yes,7.510,9.968,12.480,,,1.7,,Yes,19
148,22:01:23.000 08/27/2024,41.88757700,-87.65902500,156.300,2.6,1.9,3D,Yes,7.483,9.878,12.392,,,1.7,,Yes,17
149,22:01:24.000 08/27/2024,41.88757200,-87.65901983,156.100,3.6,2.2,3D,Yes,7.476,9.865,12.378,,,2.9,,Yes,15
150,22:01:25.000 08/27/2024,41.88756567,-87.65901417,155.900,2.6,1.9,3D,Yes,7.454,9.830,12.337,,,1.7,,Yes,16
151,22:01:26.000 08/27/2024,41.88755750,-87.65901083,155.700,2.6,1.9,3D,Yes,7.442,9.841,12.338,,,1.7,,Yes,15
152,22:01:27.000 08/27/2024,41.88754983,-87.65900750,155.400,3.6,2.2,3D,Yes,7.440,9.830,12.328,,,2.9,,Yes,15
153,22:01:28.000 08/27/2024,41.88754183,-87.65900767,155.000,2.6,1.9,3D,Yes,7.446,9.797,12.305,,,1.7,,Yes,16
154,22:01:29.000 08/27/2024,41.88753167,-87.65900250,154.800,2.6,1.9,3D,Yes,7.450,9.765,12.282,,,1.7,,Yes,17
155,22:01:30.000 08/27/2024,41.88752250,-87.65900050,154.700,3.6,2.2,3D,Yes,7.473,9.766,12.297,,,2.9,,Yes,16
156,22:01:31.000 08/27/2024,41.88751250,-87.65899600,154.100,2.6,1.9,3D,Yes,7.496,9.760,12.306,,,1.7,,Yes,17
157,22:01:32.000 08/27/2024,41.88750117,-87.65899183,154.000,2.6,1.9,3D,Yes,7.503,9.731,12.288,,,1.7,,Yes,16
158,22:01:33.000 08/27/2024,41.88748800,-87.65898683,153.900,3.6,2.2,3D,Yes,7.513,9.744,12.304,,,2.9,,Yes,16
159,22:01:34.000 08/27/2024,41.88747733,-87.65898683,153.600,2.6,1.9,3D,Yes,7.538,9.759,12.331,,,1.7,,Yes,18
160,22:01:35.000 08/27/2024,41.88746883,-87.65898700,153.500,2.6,1.9,3D,Yes,7.549,9.740,12.323,,,1.7,,Yes,17
161,22:01:36.000 08/27/2024,41.88745967,-87.65898450,153.500,2.6,1.9,3D,Yes,7.553,9.754,12.336,,,1.7,,Yes,17
162,22:01:37.000 08/27/2024,41.88744900,-87.65898217,153.400,2.6,1.9,3D,Yes,7.574,9.767,12.360,,,1.7,,Yes,17
163,22:01:38.000 08/27/2024,41.88744000,-87.65898667,152.200,2.6,1.9,3D,Yes,7.570,9.721,12.321,,,1.7,,Yes,17
164,22:01:39.000 08/27/2024,41.88743150,-87.65898817,152.200,2.6,1.9,3D,Yes,7.592,9.716,12.330,,,1.7,,Yes,17
165,22:01:40.000 08/27/2024,41.88742183,-87.65899200,151.900,2.6,1.9,3D,Yes,7.606,9.715,12.338,,,1.7,,Yes,18
166,22:01:41.000 08/27/2024,41.88741217,-87.65899483,151.800,2.6,1.9,3D,Yes,7.623,9.750,12.376,,,1.7,,Yes,18
167,22:01:42.000 08/27/2024,41.88740500,-87.65899667,151.200,2.6,1.9,3D,Yes,7.662,9.780,12.424,,,1.7,,Yes,18
168,22:01:43.000 08/27/2024,41.88739950,-87.65899850,150.600,2.6,1.9,3D,Yes,7.676,9.769,12.424,,,1.7,,Yes,17
169,22:01:44.000 08/27/2024,41.88739117,-87.65900217,150.300,2.6,1.9,3D,Yes,7.703,9.793,12.459,,,1.7,,Yes,18
170,22:01:45.000 08/27/2024,41.88737867,-87.65900250,150.600,2.6,1.9,3D,Yes,7.708,9.764,12.440,,,1.7,,Yes,18
171,22:01:46.000 08/27/2024,41.88736750,-87.65900817,150.500,2.6,1.9,3D,Yes,7.735,9.781,12.470,,,1.7,,Yes,18
172,22:01:47.000 08/27/2024,41.88735800,-87.65900850,150.400,2.6,1.9,3D,Yes,7.718,9.771,12.452,,,1.7,,Yes,18
173,22:01:48.000 08/27/2024,41.88734933,-87.65900783,150.200,2.6,1.9,3D,Yes,7.715,9.777,12.454,,,1.7,,Yes,18
174,22:01:49.000 08/27/2024,41.88734000,-87.65900900,149.900,2.6,1.9,3D,Yes,7.673,9.785,12.435,,,1.7,,Yes,18
175,22:01:50.000 08/27/2024,41.88732967,-87.65901183,150.100,2.6,1.9,3D,Yes,7.615,9.817,12.424,,,1.7,,Yes,18
176,22:01:51.000 08/27/2024,41.88731933,-87.65901517,149.900,2.6,1.9,3D,Yes,7.556,9.834,12.402,,,1.7,,Yes,18
177,22:01:52.000 08/27/2024,41.88730900,-87.65901733,149.400,2.6,1.9,3D,Yes,7.551,9.875,12.431,,,1.7,,Yes,18
178,22:01:53.000 08/27/2024,41.88730317,-87.65901817,149.000,2.6,1.9,3D,Yes,7.530,9.910,12.446,,,1.7,,Yes,18
179,22:01:54.000 08/27/2024,41.88729550,-87.65901917,148.400,2.6,1.9,3D,Yes,7.542,9.932,12.471,,,1.7,,Yes,18
180,22:01:55.000 08/27/2024,41.88729050,-87.65901950,148.000,2.6,1.9,3D,Yes,7.540,9.961,12.493,,,1.7,,Yes,18
181,22:01:56.000 08/27/2024,41.88728283,-87.65902133,147.300,2.6,1.9,3D,Yes,7.525,9.955,12.479,,,1.7,,Yes,18
182,22:01:57.000 08/27/2024,41.88727400,-87.65902100,147.100,3.6,2.2,3D,Yes,7.482,9.975,12.469,,,2.9,,Yes,17
183,22:01:58.000 08/27/2024,41.88726600,-87.65902367,146.800,2.6,1.9,3D,Yes,7.473,10.000,12.484,,,1.7,,Yes,18
184,22:01:59.000 08/27/2024,41.88725567,-87.65902583,146.700,2.6,1.9,3D,Yes,7.469,10.041,12.514,,,1.7,,Yes,18
185,22:02:00.000 08/27/2024,41.88724433,-87.65903283,146.200,3.6,2.2,3D,Yes,7.479,10.089,12.559,,,2.9,,Yes,17
186,22:02:01.000 08/27/2024,41.88723250,-87.65903683,146.500,2.6,1.9,3D,Yes,7.496,10.100,12.578,,,1.7,,Yes,17
187,22:02:02.000 08/27/2024,41.88722483,-87.65903983,146.300,2.6,1.9,3D,Yes,7.543,10.148,12.644,,,1.7,,Yes,18
188,22:02:03.000 08/27/2024,41.88721767,-87.65904333,145.900,3.6,2.2,3D,Yes,7.583,10.161,12.679,,,2.9,,Yes,15
189,22:02:04.000 08/27/2024,41.88720767,-87.65904717,145.800,2.6,1.9,3D,Yes,7.654,10.196,12.749,,,1.7,,Yes,17
190,22:02:05.000 08/27/2024,41.88719417,-87.65904833,145.500,2.6,1.9,3D,Yes,7.756,10.224,12.833,,,1.7,,Yes,17
191,22:02:06.000 08/27/2024,41.88718333,-87.65904700,145.400,2.6,1.9,3D,Yes,7.861,10.248,12.916,,,1.7,,Yes,17
192,22:02:07.000 08/27/2024,41.88717633,-87.65905050,144.600,2.6,1.9,3D,Yes,7.890,10.249,12.934,,,1.7,,Yes,18
193,22:02:08.000 08/27/2024,41.88716617,-87.65904933,144.100,2.6,1.9,3D,Yes,7.915,10.258,12.957,,,1.7,,Yes,18
194,22:02:09.000 08/27/2024,41.88715517,-87.65904700,144.300,3.6,2.2,3D,Yes,7.947,10.230,12.954,,,2.9,,Yes,16
195,22:02:10.000 08/27/2024,41.88714633,-87.65904917,144.400,2.6,1.9,3D,Yes,8.014,10.256,13.016,,,1.7,,Yes,17
196,22:02:11.000 08/27/2024,41.88713567,-87.65904967,144.200,2.7,2.0,3D,Yes,8.088,10.261,13.065,,,1.8,,Yes,17
197,22:02:12.000 08/27/2024,41.88712883,-87.65905533,143.800,13.4,8.9,3D,Yes,8.141,10.280,13.113,,,10.0,,Yes,16
198,22:02:13.000 08/27/2024,41.88711750,-87.65905950,144.300,2.7,2.0,3D,Yes,8.215,10.257,13.141,,,1.8,,Yes,17
199,22:02:14.000 08/27/2024,41.88710967,-87.65906767,143.900,2.7,2.0,3D,Yes,8.269,10.256,13.174,,,1.8,,Yes,17
200,22:02:15.000 08/27/2024,41.88710200,-87.65907717,143.600,13.4,8.9,3D,Yes,8.375,10.284,13.263,,,10.0,,Yes,14
201,22:02:16.000 08/27/2024,41.88709750,-87.65909017,142.600,2.7,2.0,3D,Yes,8.441,10.289,13.308,,,1.8,,Yes,15
202,22:02:17.000 08/27/2024,41.88709067,-87.65910183,142.100,2.7,2.0,3D,Yes,8.471,10.283,13.323,,,1.8,,Yes,16
203,22:02:18.000 08/27/2024,41.88708000,-87.65910500,142.700,3.0,2.8,2D,Yes,8.489,10.225,13.290,,,1.0,,Yes,15
204,22:02:19.000 08/27/2024,41.88707150,-87.65911233,141.800,2.9,2.0,3D,Yes,8.495,10.232,13.299,,,2.1,,Yes,15
205,22:02:20.000 08/27/2024,41.88706650,-87.65912567,141.100,2.9,2.0,3D,Yes,8.525,10.279,13.354,,,2.1,,Yes,17
206,22:02:21.000 08/27/2024,41.88706483,-87.65913983,140.500,3.0,2.8,2D,Yes,8.595,10.341,13.447,,,1.0,,Yes,18
207,22:02:22.000 08/27/2024,41.88706750,-87.65914517,140.800,2.7,2.0,3D,Yes,8.679,10.408,13.552,,,1.9,,Yes,18
208,22:02:23.000 08/27/2024,41.88707067,-87.65914967,140.900,2.7,2.0,3D,Yes,8.794,10.489,13.688,,,1.9,,Yes,15
209,22:02:24.000 08/27/2024,41.88707350,-87.65915233,141.100,2.7,2.0,3D,Yes,8.927,10.564,13.831,,,1.9,,Yes,18
210,22:02:25.000 08/27/2024,41.88707367,-87.65915917,141.500,4.3,2.4,3D,Yes,9.097,10.650,14.006,,,3.6,,Yes,16
211,22:02:26.000 08/27/2024,41.88706750,-87.65915717,141.900,2.7,2.0,3D,Yes,9.292,10.734,14.197,,,1.9,,Yes,16
212,22:02:27.000 08/27/2024,41.88707133,-87.65915067,142.200,4.3,2.4,3D,Yes,9.535,10.828,14.428,,,3.6,,Yes,15
213,22:02:28.000 08/27/2024,41.88707017,-87.65915183,142.300,2.7,2.0,3D,Yes,9.774,10.919,14.655,,,1.9,,Yes,14
214,22:02:29.000 08/27/2024,41.88706917,-87.65915183,142.300,2.7,2.0,3D,Yes,9.983,11.011,14.863,,,1.9,,Yes,14
215,22:02:30.000 08/27/2024,41.88706967,-87.65914417,142.500,4.3,2.4,3D,Yes,10.191,11.100,15.069,,,3.6,,Yes,15
216,22:02:31.000 08/27/2024,41.88706650,-87.65913700,142.400,2.7,2.0,3D,Yes,10.441,11.192,15.306,,,1.9,,Yes,16
217,22:02:32.000 08/27/2024,41.88707100,-87.65911017,142.600,2.7,2.0,3D,Yes,10.727,11.288,15.572,,,1.9,,Yes,17
218,22:02:33.000 08/27/2024,41.88707117,-87.65910033,142.600,4.3,2.4,3D,Yes,11.040,11.391,15.863,,,3.6,,Yes,14
219,22:02:34.000 08/27/2024,41.88707883,-87.65911783,142.600,2.7,2.0,3D,Yes,11.403,11.503,16.197,,,1.9,,Yes,15
220,22:02:35.000 08/27/2024,41.88708933,-87.65913300,142.400,2.7,2.0,3D,Yes,11.877,11.628,16.621,,,1.9,,Yes,14
221,22:02:36.000 08/27/2024,41.88709867,-87.65913317,142.200,1.9,1.2,3D,Yes,12.593,11.787,17.249,,,1.5,,No,11
222,22:02:37.000 08/27/2024,41.88711583,-87.65915600,142.100,2.7,2.0,3D,Yes,13.653,11.997,18.175,,,1.9,,Yes,9
223,22:02:38.000 08/27/2024,41.88714340,-87.65918500,141.867,100.0,100.0,INVALID,No,14.785,12.150,19.137,,,1.0,,Yes,8
224,22:02:39.000 08/27/2024,41.88718250,-87.65916333,142.700,2.1,1.0,3D,Yes,15.601,12.295,19.863,,,1.8,,No,11
225,22:02:40.000 08/27/2024,41.88720600,-87.65917267,142.500,2.1,1.1,3D,Yes,17.172,12.454,21.213,,,1.9,,No,9
226,22:02:41.000 08/27/2024,41.88722950,-87.65918183,142.400,2.0,1.0,3D,Yes,19.043,12.616,22.843,,,1.7,,No,10
227,22:02:42.000 08/27/2024,41.88725467,-87.65918050,142.000,2.6,1.6,3D,Yes,20.344,12.746,24.007,,,2.0,,No,8
228,22:02:43.000 08/27/2024,41.88728083,-87.65918417,141.900,2.6,1.7,3D,Yes,24.641,13.022,27.870,,,2.1,,No,7
229,22:02:44.000 08/27/2024,41.88730467,-87.65919167,141.800,3.1,2.3,3D,Yes,27.074,13.140,30.094,,,2.1,,No,8
230,22:02:45.000 08/27/2024,41.88729517,-87.65916417,141.600,2.0,1.0,3D,Yes,26.603,13.054,29.633,,,1.7,,No,10
231,22:02:46.000 08/27/2024,41.88731500,-87.65916550,141.400,1.9,1.0,3D,Yes,28.920,13.233,31.804,,,1.6,,No,10
232,22:02:47.000 08/27/2024,41.88733500,-87.65916683,141.300,1.7,0.9,3D,Yes,31.442,13.415,34.184,,,1.5,,No,11
233,22:02:48.000 08/27/2024,41.88739000,-87.65916600,141.500,1.9,0.9,3D,Yes,30.528,13.438,33.355,,,1.6,,No,10
234,22:02:49.000 08/27/2024,41.88741333,-87.65916783,141.400,1.7,0.9,3D,Yes,32.778,13.625,35.497,,,1.5,,No,11
235,22:02:50.000 08/27/2024,41.88743500,-87.65917933,141.200,1.7,0.9,3D,Yes,34.271,13.788,36.941,,,1.5,,No,12
236,22:02:51.000 08/27/2024,41.88747000,-87.65920417,142.000,2.3,1.5,3D,Yes,34.669,13.846,37.332,,,1.8,,No,9
237,22:02:52.000 08/27/2024,41.88749533,-87.65920733,141.900,2.2,1.5,3D,Yes,36.985,14.041,39.561,,,1.7,,No,9
238,22:02:53.000 08/27/2024,41.88752083,-87.65921050,141.800,2.1,1.2,3D,Yes,39.491,14.240,41.980,,,1.8,,No,9
239,22:02:54.000 08/27/2024,41.88756850,-87.65920433,141.200,3.9,3.1,3D,Yes,43.090,14.484,45.459,,,2.4,,No,5
240,22:02:55.000 08/27/2024,41.88759680,-87.65920580,141.084,100.0,100.0,,No,45.841,14.690,48.137,,,100.0,,No,0
241,22:02:56.000 08/27/2024,41.88762500,-87.65920730,140.935,100.0,100.0,,No,48.771,14.900,50.996,,,100.0,,No,0
242,22:02:57.000 08/27/2024,41.88765320,-87.65920880,140.785,100.0,100.0,,No,51.878,15.113,54.035,,,100.0,,No,0
243,22:02:58.000 08/27/2024,41.88768140,-87.65921030,140.636,100.0,100.0,,No,55.160,15.330,57.251,,,100.0,,No,0
244,22:02:59.000 08/27/2024,41.88770960,-87.65921180,140.487,100.0,100.0,,No,58.613,15.549,60.640,,,100.0,,No,0
245,22:03:00.000 08/27/2024,41.88773780,-87.65921330,140.338,100.0,100.0,,No,62.233,15.772,64.200,,,100.0,,No,0
246,22:03:01.000 08/27/2024,41.88776600,-87.65921480,140.188,100.0,100.0,,No,66.015,15.998,67.926,,,100.0,,No,0
247,22:03:02.000 08/27/2024,41.88779420,-87.65921630,140.039,100.0,100.0,,No,69.954,16.227,71.811,,,100.0,,No,0
248,22:03:03.000 08/27/2024,41.88782250,-87.65921780,139.890,100.0,100.0,,No,74.045,16.459,75.852,,,100.0,,No,0
249,22:03:04.000 08/27/2024,41.88785070,-87.65921930,139.740,100.0,100.0,,No,78.283,16.694,80.043,,,100.0,,No,0
250,22:03:05.000 08/27/2024,41.88787890,-87.65922080,139.591,100.0,100.0,,No,82.665,16.931,84.381,,,100.0,,No,0
251,22:03:06.000 08/27/2024,41.88787890,-87.65922080,139.591,100.0,100.0,,No,87.185,17.172,88.860,,,100.0,,No,0
252,22:03:07.000 08/27/2024,41.88787890,-87.65922080,139.591,100.0,100.0,,No,91.858,17.417,93.495,,,100.0,,No,0
253,22:03:08.000 08/27/2024,41.88787890,-87.65922080,139.591,100.0,100.0,,No,96.800,17.678,98.401,,,100.0,,No,0
254,22:03:09.000 08/27/2024,41.88787890,-87.65922080,139.591,100.0,100.0,,No,102.118,17.966,103.686,,,100.0,,No,0
255,22:03:10.000 08/27/2024,41.88787890,-87.65922080,139.591,100.0,100.0,,No,107.895,18.292,109.435,,,100.0,,No,0
256,22:03:11.000 08/27/2024,41.88787890,-87.65922080,139.591,100.0,100.0,,No,114.194,18.667,115.710,,,100.0,,No,0
257,22:03:12.000 08/27/2024,41.88787890,-87.65922080,139.591,100.0,100.0,,No,121.057,19.099,122.554,,,100.0,,No,0
258,22:03:13.000 08/27/2024,41.88787890,-87.65922080,139.591,100.0,100.0,,No,128.510,19.596,129.995,,,100.0,,No,0
259,22:03:14.000 08/27/2024,41.88787890,-87.65922080,139.591,100.0,100.0,,No,136.567,20.164,138.048,,,100.0,,No,0
260,22:03:15.000 08/27/2024,41.88787890,-87.65922080,139.591,100.0,100.0,,No,145.230,20.808,146.713,,,100.0,,No,0
261,22:03:16.000 08/27/2024,41.88787890,-87.65922080,139.591,100.0,100.0,,No,154.494,21.533,155.987,,,100.0,,No,0
262,22:03:17.000 08/27/2024,41.88787890,-87.65922080,139.591,100.0,100.0,,No,164.349,22.340,165.860,,,100.0,,No,0
263,22:03:18.000 08/27/2024,41.88787890,-87.65922080,139.591,100.0,100.0,,No,174.781,23.230,176.318,,,100.0,,No,0
264,22:03:19.000 08/27/2024,41.88787890,-87.65922080,139.591,100.0,100.0,,No,185.774,24.203,187.344,,,100.0,,No,0
265,22:03:20.000 08/27/2024,41.88787890,-87.65922080,139.591,100.0,100.0,,No,197.309,25.259,198.919,,,100.0,,No,0
266,22:03:21.000 08/27/2024,41.88787890,-87.65922080,139.591,100.0,100.0,,No,209.369,26.397,211.026,,,100.0,,No,0
