Index,UTC,Lat,Lon,Alt (MSL),Alt (HAE),HDOP,VDOP,SVs Used,Speed,Fix type (GPS) valid,DGPS,Fix type (GPS),SV R27 Doppler (L1OF)
0,,,,,,100.0,100.0,0,,No,No,,0.00
1,,,,,,100.0,100.0,0,,No,No,,0.00
2,,,,,,100.0,100.0,0,,No,No,,0.00
3,,,,,,100.0,100.0,0,,No,No,,0.00
4,,,,,,100.0,100.0,0,,No,No,,0.00
5,,,,,,100.0,100.0,0,,No,No,,0.00
6,,,,,,100.0,100.0,0,,No,No,,0.00
7,,,,,,100.0,100.0,0,,No,No,,0.00
8,,,,,,100.0,100.0,0,,No,No,,0.00
9,,,,,,100.0,100.0,0,,No,No,,0.00
10,,,,,,100.0,100.0,0,,No,No,,0.00
11,,,,,,100.0,100.0,0,,No,No,,0.00
12,,,,,,100.0,100.0,0,,No,No,,0.00
13,,,,,,100.0,100.0,0,,No,No,,0.00
14,,,,,,100.0,100.0,0,,No,No,,0.00
15,,,,,,100.0,100.0,0,,No,No,,0.00
16,,,,,,100.0,100.0,0,,No,No,,0.00
17,,,,,,100.0,100.0,0,,No,No,,0.00
18,,,,,,100.0,100.0,0,,No,No,,0.00
19,,,,,,100.0,100.0,0,,No,No,,0.00
20,,,,,,100.0,100.0,0,,No,No,,0.00
21,,,,,,100.0,100.0,0,,No,No,,0.00
22,,,,,,100.0,100.0,0,,No,No,,0.00
23,,,,,,100.0,100.0,0,,No,No,,0.00
24,,,,,,100.0,100.0,0,,No,No,,0.00
25,,,,,,100.0,100.0,0,,No,No,,0.00
26,,,,,,100.0,100.0,0,,No,No,,0.00
27,,,,,,100.0,100.0,0,,No,No,,0.00
28,,,,,,100.0,100.0,0,,No,No,,0.00
29,,,,,,100.0,100.0,0,,No,No,,0.00
30,,,,,,100.0,100.0,0,,No,No,,0.00
31,,,,,,100.0,100.0,0,,No,No,,0.00
32,,,,,,100.0,100.0,0,,No,No,,0.00
33,,,,,,100.0,100.0,0,,No,No,,0.00
34,,,,,,100.0,100.0,0,,No,No,,0.00
35,,,,,,100.0,100.0,0,,No,No,,0.00
36,,,,,,100.0,100.0,0,,No,No,,0.00
37,,,,,,100.0,100.0,0,,No,No,,0.00
38,,,,,,100.0,100.0,0,,No,No,,0.00
39,,,,,,100.0,100.0,0,,No,No,,0.00
40,,,,,,100.0,100.0,0,,No,No,,0.00
41,,,,,,100.0,100.0,0,,No,No,,0.00
42,,,,,,100.0,100.0,0,,No,No,,0.00
43,,,,,,100.0,100.0,0,,No,No,,0.00
44,,,,,,100.0,100.0,0,,No,No,,0.00
45,,,,,,100.0,100.0,0,,No,No,,0.00
46,,,,,,100.0,100.0,0,,No,No,,0.00
47,,,,,,100.0,100.0,0,,No,No,,0.00
48,19:46:22.000 08/02/2024,,,,,100.0,100.0,0,,No,No,,0.00
49,19:46:23.000 08/02/2024,41.88708950,-87.65889967,,,1.7,2.1,0,,Yes,No,DR,0.00
50,19:46:24.000 08/02/2024,41.88708667,-87.65889933,209.700,175.900,1.7,2.1,0,,Yes,No,DR,0.00
51,19:46:25.000 08/02/2024,41.88708167,-87.65890000,209.600,175.800,1.7,2.1,0,,Yes,No,DR,0.00
52,19:46:26.000 08/02/2024,41.88707533,-87.65890150,209.500,175.700,1.7,2.1,8,,Yes,No,3D,0.00
53,19:46:27.000 08/02/2024,41.88706750,-87.65890517,209.200,175.400,1.7,2.1,8,,Yes,No,3D,0.00
54,19:46:28.000 08/02/2024,41.88708133,-87.65890583,209.000,175.200,1.7,2.1,8,,Yes,No,3D,0.00
55,19:46:29.000 08/02/2024,41.88708067,-87.65890800,208.900,175.100,1.7,2.1,8,,Yes,No,3D,0.00
56,19:46:30.000 08/02/2024,41.88708067,-87.65890967,208.700,174.900,1.7,2.1,8,,Yes,No,3D,0.00
57,19:46:31.000 08/02/2024,41.88708050,-87.65891133,208.500,174.700,1.7,2.1,8,,Yes,No,3D,0.00
58,19:46:32.000 08/02/2024,41.88708017,-87.65891333,208.200,174.400,1.7,2.1,8,,Yes,No,3D,0.00
59,19:46:33.000 08/02/2024,41.88707967,-87.65891533,208.000,174.200,1.7,2.1,8,,Yes,No,3D,0.00
60,19:46:34.000 08/02/2024,41.88707900,-87.65891767,207.600,173.800,1.7,2.1,8,,Yes,No,3D,0.00
61,19:46:35.000 08/02/2024,41.88707833,-87.65892017,207.300,173.500,1.7,2.1,8,,Yes,No,3D,0.00
62,19:46:36.000 08/02/2024,41.88707783,-87.65892267,206.900,173.100,1.7,2.1,8,,Yes,No,3D,0.00
63,19:46:37.000 08/02/2024,41.88707750,-87.65892500,206.500,172.700,1.7,2.1,8,,Yes,No,3D,0.00
64,19:46:38.000 08/02/2024,41.88707733,-87.65892717,206.100,172.300,1.7,2.1,8,,Yes,No,3D,0.00
65,19:46:39.000 08/02/2024,41.88707700,-87.65892900,205.600,171.800,1.7,2.1,8,,Yes,No,3D,0.00
66,19:46:40.000 08/02/2024,41.88707683,-87.65893067,205.200,171.400,1.7,2.1,8,,Yes,No,3D,0.00
67,19:46:41.000 08/02/2024,41.88707667,-87.65893217,204.800,171.000,1.7,2.1,8,,Yes,No,3D,0.00
68,19:46:42.000 08/02/2024,41.88707650,-87.65893367,204.300,170.500,1.7,2.1,8,,Yes,No,3D,0.00
69,19:46:43.000 08/02/2024,41.88707650,-87.65893500,203.800,170.000,1.7,2.1,8,,Yes,No,3D,0.00
70,19:46:44.000 08/02/2024,41.88707633,-87.65893617,203.400,169.600,1.7,2.1,8,,Yes,No,3D,0.00
71,19:46:45.000 08/02/2024,41.88707617,-87.65893750,203.000,169.200,1.7,2.1,8,,Yes,No,3D,0.00
72,19:46:46.000 08/02/2024,41.88707583,-87.65893867,202.500,168.700,1.7,2.1,8,,Yes,No,3D,0.00
73,19:46:47.000 08/02/2024,41.88707567,-87.65894050,202.000,168.200,1.7,2.1,8,,Yes,No,3D,0.00
74,19:46:48.000 08/02/2024,41.88707533,-87.65894183,201.400,167.600,1.7,2.1,9,,Yes,No,3D,0.00
75,19:46:49.000 08/02/2024,41.88707500,-87.65894317,200.800,167.000,1.7,2.1,9,,Yes,No,3D,0.00
76,19:46:50.000 08/02/2024,41.88707467,-87.65894433,200.200,166.400,1.7,2.1,9,,Yes,No,3D,0.00
77,19:46:51.000 08/02/2024,41.88707450,-87.65894517,199.700,165.900,1.7,2.1,9,,Yes,No,3D,0.00
78,19:46:52.000 08/02/2024,41.88707367,-87.65894500,199.200,165.400,1.7,2.1,9,,Yes,Yes,3D,0.00
79,19:46:53.000 08/02/2024,41.88707283,-87.65894567,198.300,164.500,1.7,2.1,9,,Yes,No,3D,0.00
80,19:46:54.000 08/02/2024,41.88707200,-87.65894633,197.600,163.800,1.7,2.1,9,,Yes,No,3D,0.00
81,19:46:55.000 08/02/2024,41.88706767,-87.65895233,197.000,163.200,1.7,2.1,9,,Yes,No,3D,0.00
82,19:46:56.000 08/02/2024,41.88706850,-87.65895633,187.200,153.400,1.7,2.1,9,,Yes,No,3D,0.00
83,19:46:57.000 08/02/2024,41.88707450,-87.65896150,187.300,153.500,1.7,2.1,9,,Yes,No,3D,0.00
84,19:46:58.000 08/02/2024,41.88708467,-87.65896433,187.300,153.500,1.7,2.1,9,,Yes,No,3D,0.00
85,19:46:59.000 08/02/2024,41.88709467,-87.65896633,187.100,153.300,1.7,2.1,9,,Yes,No,3D,0.00
86,19:47:00.000 08/02/2024,41.88710500,-87.65897183,186.900,153.100,1.7,2.1,9,,Yes,No,3D,0.00
87,19:47:01.000 08/02/2024,41.88711650,-87.65897633,186.100,152.300,1.7,2.1,9,,Yes,No,3D,0.00
88,19:47:02.000 08/02/2024,41.88712817,-87.65898250,185.600,151.800,1.7,2.1,9,,Yes,Yes,3D,0.00
89,19:47:03.000 08/02/2024,41.88713950,-87.65898817,185.300,151.500,1.7,2.1,9,,Yes,Yes,3D,0.00
90,19:47:04.000 08/02/2024,41.88715000,-87.65899067,184.800,151.000,1.7,2.1,9,,Yes,Yes,3D,0.00
91,19:47:05.000 08/02/2024,41.88716150,-87.65899517,184.600,150.800,1.7,2.1,9,,Yes,Yes,3D,0.00
92,19:47:06.000 08/02/2024,41.88717083,-87.65899733,184.100,150.300,1.7,2.1,9,,Yes,No,3D,0.00
93,19:47:07.000 08/02/2024,41.88718100,-87.65899650,184.000,150.200,1.7,2.1,9,,Yes,No,3D,0.00
94,19:47:08.000 08/02/2024,41.88718833,-87.65899983,184.100,150.300,1.7,2.1,9,,Yes,No,3D,0.00
95,19:47:09.000 08/02/2024,41.88719350,-87.65899850,183.400,149.600,1.7,2.1,9,,Yes,Yes,3D,0.00
96,19:47:10.000 08/02/2024,41.88719767,-87.65899533,183.400,149.600,1.7,2.1,9,,Yes,No,3D,0.00
97,19:47:11.000 08/02/2024,41.88719950,-87.65899383,184.000,150.200,1.7,2.1,9,,Yes,No,3D,0.00
98,19:47:12.000 08/02/2024,41.88720033,-87.65899333,184.200,150.400,1.7,2.1,9,,Yes,No,3D,0.00
99,19:47:13.000 08/02/2024,41.88720083,-87.65899267,184.400,150.600,1.9,2.3,9,,Yes,No,3D,0.00
100,19:47:14.000 08/02/2024,41.88720133,-87.65899217,184.500,150.700,1.9,2.3,9,,Yes,No,3D,0.00
101,19:47:15.000 08/02/2024,41.88720167,-87.65899200,184.600,150.800,1.7,2.1,9,,Yes,No,3D,0.00
102,19:47:16.000 08/02/2024,41.88720217,-87.65899200,184.600,150.800,1.7,2.1,9,,Yes,No,3D,0.00
103,19:47:17.000 08/02/2024,41.88720233,-87.65899183,184.700,150.900,1.7,2.1,9,,Yes,No,3D,0.00
104,19:47:18.000 08/02/2024,41.88720217,-87.65899183,184.700,150.900,1.7,2.1,9,,Yes,No,3D,0.00
105,19:47:19.000 08/02/2024,41.88720217,-87.65899167,184.700,150.900,1.7,2.1,9,,Yes,No,3D,0.00
106,19:47:20.000 08/02/2024,41.88720200,-87.65899150,184.800,151.000,1.7,2.1,9,,Yes,No,3D,0.00
107,19:47:21.000 08/02/2024,41.88720200,-87.65899150,184.800,151.000,1.7,2.1,9,,Yes,No,3D,0.00
108,19:47:22.000 08/02/2024,41.88720183,-87.65899150,184.800,151.000,1.7,2.1,9,,Yes,No,3D,0.00
109,19:47:23.000 08/02/2024,41.88720183,-87.65899133,184.800,151.000,1.7,2.1,9,,Yes,No,3D,0.00
110,19:47:24.000 08/02/2024,41.88720167,-87.65899117,184.900,151.100,1.7,2.1,9,,Yes,No,3D,0.00
111,19:47:25.000 08/02/2024,41.88720167,-87.65899083,184.900,151.100,1.7,2.1,9,,Yes,No,3D,0.00
112,19:47:26.000 08/02/2024,41.88720167,-87.65899033,185.000,151.200,1.7,2.1,9,,Yes,No,3D,0.00
113,19:47:27.000 08/02/2024,41.88720200,-87.65898983,185.000,151.200,1.7,2.1,9,,Yes,No,3D,0.00
114,19:47:28.000 08/02/2024,41.88720217,-87.65898933,185.100,151.300,1.7,2.1,9,,Yes,No,3D,0.00
115,19:47:29.000 08/02/2024,41.88720217,-87.65898900,185.200,151.400,1.7,2.1,9,,Yes,No,3D,0.00
116,19:47:30.000 08/02/2024,41.88720233,-87.65898883,185.200,151.400,1.7,2.1,9,,Yes,No,3D,0.00
117,19:47:31.000 08/02/2024,41.88720250,-87.65898850,185.300,151.500,1.7,2.1,10,,Yes,No,3D,0.00
118,19:47:32.000 08/02/2024,41.88720250,-87.65899050,185.300,151.500,1.7,2.1,10,,Yes,No,3D,0.00
119,19:47:33.000 08/02/2024,41.88720250,-87.65899317,185.100,151.300,1.1,1.8,10,,Yes,No,3D,0.00
120,19:47:34.000 08/02/2024,41.88720250,-87.65899500,184.900,151.100,1.1,1.8,10,,Yes,No,3D,0.00
121,19:47:35.000 08/02/2024,41.88720250,-87.65899750,184.800,151.000,1.1,1.8,10,,Yes,No,3D,0.00
122,19:47:36.000 08/02/2024,41.88720250,-87.65900017,184.500,150.700,1.1,1.8,10,,Yes,No,3D,0.00
123,19:47:37.000 08/02/2024,41.88720233,-87.65900267,184.200,150.400,1.1,1.8,10,,Yes,No,3D,0.00
124,19:47:38.000 08/02/2024,41.88720200,-87.65900467,184.000,150.200,1.1,1.8,10,,Yes,No,3D,0.00
125,19:47:39.000 08/02/2024,41.88720183,-87.65900617,183.700,149.900,1.1,1.8,11,,Yes,No,3D,0.00
126,19:47:40.000 08/02/2024,41.88720167,-87.65900717,183.500,149.700,1.1,1.8,12,,Yes,No,3D,0.00
127,19:47:41.000 08/02/2024,41.88720133,-87.65900817,183.300,149.500,1.3,2.0,12,,Yes,No,3D,0.00
128,19:47:42.000 08/02/2024,41.88720117,-87.65900883,183.200,149.400,1.1,1.8,12,,Yes,No,3D,0.00
129,19:47:43.000 08/02/2024,41.88720067,-87.65900967,183.000,149.200,1.0,1.8,12,,Yes,No,3D,0.00
130,19:47:44.000 08/02/2024,41.88720017,-87.65901050,182.900,149.100,1.0,1.8,12,,Yes,No,3D,0.00
131,19:47:45.000 08/02/2024,41.88719933,-87.65901133,182.700,148.900,1.0,1.8,12,,Yes,No,3D,0.00
132,19:47:46.000 08/02/2024,41.88719850,-87.65901250,182.400,148.600,1.0,1.8,13,,Yes,No,3D,0.00
133,19:47:47.000 08/02/2024,41.88719750,-87.65901367,182.200,148.400,1.0,1.8,13,,Yes,No,3D,0.00
134,19:47:48.000 08/02/2024,41.88719650,-87.65901467,181.900,148.100,1.0,1.8,13,,Yes,No,3D,0.00
135,19:47:49.000 08/02/2024,41.88719550,-87.65901567,181.700,147.900,1.0,1.8,13,,Yes,No,3D,0.00
136,19:47:50.000 08/02/2024,41.88719500,-87.65901633,181.400,147.600,1.0,1.8,13,,Yes,No,3D,0.00
137,19:47:51.000 08/02/2024,41.88719433,-87.65901683,181.300,147.500,1.1,1.9,13,,Yes,No,3D,0.00
138,19:47:52.000 08/02/2024,41.88719400,-87.65901733,181.100,147.300,1.1,1.9,13,,Yes,No,3D,0.00
139,19:47:53.000 08/02/2024,41.88719400,-87.65901767,181.000,147.200,1.1,1.9,13,,Yes,No,3D,0.00
140,19:47:54.000 08/02/2024,41.88719433,-87.65901783,181.000,147.200,1.1,1.9,13,,Yes,No,3D,0.00
141,19:47:55.000 08/02/2024,41.88719467,-87.65901783,181.000,147.200,1.1,1.9,13,,Yes,No,3D,0.00
142,19:47:56.000 08/02/2024,41.88719533,-87.65901783,181.000,147.200,1.0,1.8,13,,Yes,No,3D,0.00
143,19:47:57.000 08/02/2024,41.88719617,-87.65901767,181.100,147.300,1.0,1.8,13,,Yes,No,3D,0.00
144,19:47:58.000 08/02/2024,41.88719700,-87.65901750,181.200,147.400,1.0,1.8,13,,Yes,No,3D,0.00
145,19:47:59.000 08/02/2024,41.88719783,-87.65901733,181.300,147.500,1.0,1.8,13,,Yes,No,3D,0.00
146,19:48:00.000 08/02/2024,41.88719850,-87.65901717,181.300,147.500,1.0,1.8,13,,Yes,No,3D,0.00
147,19:48:01.000 08/02/2024,41.88719917,-87.65901700,181.400,147.600,1.0,1.8,13,,Yes,No,3D,0.00
148,19:48:02.000 08/02/2024,41.88719967,-87.65901700,181.500,147.700,1.0,1.8,13,,Yes,No,3D,0.00
149,19:48:03.000 08/02/2024,41.88720033,-87.65901683,181.500,147.700,1.0,1.8,13,,Yes,No,3D,0.00
150,19:48:04.000 08/02/2024,41.88720083,-87.65901667,181.500,147.700,1.0,1.8,13,,Yes,No,3D,0.00
151,19:48:05.000 08/02/2024,41.88720133,-87.65901667,181.600,147.800,1.0,1.8,13,,Yes,No,3D,0.00
152,19:48:06.000 08/02/2024,41.88720250,-87.65901650,181.600,147.800,1.0,1.8,13,,Yes,No,3D,0.00
153,19:48:07.000 08/02/2024,41.88720350,-87.65901633,181.700,147.900,1.0,1.8,13,,Yes,No,3D,0.00
154,19:48:08.000 08/02/2024,41.88720450,-87.65901633,181.800,148.000,1.0,1.8,13,,Yes,No,3D,0.00
155,19:48:09.000 08/02/2024,41.88720533,-87.65901633,181.900,148.100,1.0,1.8,14,,Yes,No,3D,0.00
156,19:48:10.000 08/02/2024,41.88720583,-87.65901633,181.900,148.100,1.0,1.8,14,,Yes,No,3D,0.00
157,19:48:11.000 08/02/2024,41.88720633,-87.65901633,181.900,148.100,1.0,1.8,14,,Yes,No,3D,0.00
158,19:48:12.000 08/02/2024,41.88720667,-87.65901633,182.000,148.200,1.0,1.8,14,,Yes,No,3D,0.00
159,19:48:13.000 08/02/2024,41.88720700,-87.65901633,182.000,148.200,0.9,1.6,14,,Yes,No,3D,0.00
160,19:48:14.000 08/02/2024,41.88720733,-87.65901617,182.000,148.200,0.9,1.6,14,,Yes,No,3D,0.00
161,19:48:15.000 08/02/2024,41.88720783,-87.65901600,182.000,148.200,0.9,1.6,14,,Yes,No,3D,0.00
162,19:48:16.000 08/02/2024,41.88720817,-87.65901600,182.100,148.300,0.9,1.6,14,,Yes,No,3D,0.00
163,19:48:17.000 08/02/2024,41.88720850,-87.65901583,182.100,148.300,0.9,1.6,14,,Yes,No,3D,0.00
164,19:48:18.000 08/02/2024,41.88720883,-87.65901550,182.100,148.300,0.9,1.6,14,,Yes,No,3D,0.00
165,19:48:19.000 08/02/2024,41.88720917,-87.65901517,182.100,148.300,0.9,1.6,14,,Yes,No,3D,0.00
166,19:48:20.000 08/02/2024,41.88720967,-87.65901500,182.100,148.300,0.9,1.6,14,,Yes,No,3D,0.00
167,19:48:21.000 08/02/2024,41.88721233,-87.65901467,182.100,148.300,0.9,1.6,14,,Yes,No,3D,0.00
168,19:48:22.000 08/02/2024,41.88721300,-87.65901550,182.300,148.500,0.9,1.6,14,,Yes,No,3D,0.00
169,19:48:23.000 08/02/2024,41.88721817,-87.65901750,182.800,149.000,0.9,1.6,14,,Yes,No,3D,0.00
170,19:48:24.000 08/02/2024,41.88722550,-87.65902000,183.100,149.300,0.9,1.6,14,,Yes,No,3D,0.00
171,19:48:25.000 08/02/2024,41.88723433,-87.65902200,183.200,149.400,0.9,1.6,14,,Yes,No,3D,0.00
172,19:48:26.000 08/02/2024,41.88724150,-87.65902533,183.400,149.600,0.9,1.6,14,,Yes,No,3D,0.00
173,19:48:27.000 08/02/2024,41.88724667,-87.65902633,183.500,149.700,0.9,1.6,14,,Yes,No,3D,0.00
174,19:48:28.000 08/02/2024,41.88724900,-87.65902700,183.600,149.800,0.9,1.6,14,,Yes,No,3D,0.00
175,19:48:29.000 08/02/2024,41.88725017,-87.65902783,183.500,149.700,0.9,1.6,14,,Yes,No,3D,0.00
176,19:48:30.000 08/02/2024,41.88725067,-87.65902683,183.200,149.400,0.9,1.6,14,,Yes,No,3D,0.00
177,19:48:31.000 08/02/2024,41.88724950,-87.65902550,183.200,149.400,0.9,1.6,14,,Yes,No,3D,0.00
178,19:48:32.000 08/02/2024,41.88724883,-87.65902533,183.200,149.400,0.9,1.6,14,,Yes,No,3D,0.00
179,19:48:33.000 08/02/2024,41.88724800,-87.65902500,183.100,149.300,0.9,1.6,14,,Yes,No,3D,0.00
180,19:48:34.000 08/02/2024,41.88724733,-87.65902600,183.100,149.300,0.9,1.6,14,,Yes,No,3D,0.00
181,19:48:35.000 08/02/2024,41.88724683,-87.65902817,183.000,149.200,0.9,1.6,14,,Yes,No,3D,0.00
182,19:48:36.000 08/02/2024,41.88724567,-87.65902850,182.900,149.100,0.9,1.6,14,,Yes,No,3D,0.00
183,19:48:37.000 08/02/2024,41.88724450,-87.65902800,182.800,149.000,0.9,1.6,14,,Yes,No,3D,0.00
184,19:48:38.000 08/02/2024,41.88724350,-87.65902767,182.700,148.900,0.9,1.6,14,,Yes,No,3D,0.00
185,19:48:39.000 08/02/2024,41.88724300,-87.65902750,182.800,149.000,0.9,1.6,15,,Yes,No,3D,0.00
186,19:48:40.000 08/02/2024,41.88724267,-87.65902733,182.800,149.000,0.9,1.6,15,,Yes,No,3D,0.00
187,19:48:41.000 08/02/2024,41.88724233,-87.65902767,182.800,149.000,0.9,1.6,15,,Yes,No,3D,0.00
188,19:48:42.000 08/02/2024,41.88724200,-87.65902767,182.800,149.000,0.9,1.6,15,,Yes,No,3D,0.00
189,19:48:43.000 08/02/2024,41.88724183,-87.65902700,182.800,149.000,0.9,1.6,15,,Yes,No,3D,0.00
190,19:48:44.000 08/02/2024,41.88724200,-87.65902750,182.800,149.000,0.9,1.6,15,,Yes,No,3D,0.00
191,19:48:45.000 08/02/2024,41.88724217,-87.65902767,182.900,149.100,0.9,1.6,15,,Yes,No,3D,0.00
192,19:48:46.000 08/02/2024,41.88724250,-87.65902767,182.800,149.000,0.9,1.6,15,,Yes,No,3D,0.00
193,19:48:47.000 08/02/2024,41.88724433,-87.65902700,182.800,149.000,0.9,1.6,15,,Yes,No,3D,0.00
194,19:48:48.000 08/02/2024,41.88724883,-87.65902667,182.800,149.000,0.9,1.6,16,,Yes,No,3D,0.00
195,19:48:49.000 08/02/2024,41.88725533,-87.65902550,182.800,149.000,0.9,1.6,16,,Yes,No,3D,0.00
196,19:48:50.000 08/02/2024,41.88726533,-87.65902517,182.900,149.100,0.9,1.6,16,,Yes,No,3D,0.00
197,19:48:51.000 08/02/2024,41.88727517,-87.65902517,182.900,149.100,0.9,1.6,16,,Yes,No,3D,0.00
198,19:48:52.000 08/02/2024,41.88728533,-87.65902617,183.000,149.200,0.9,1.4,16,,Yes,No,3D,0.00
199,19:48:53.000 08/02/2024,41.88729533,-87.65902800,183.000,149.200,0.9,1.4,16,,Yes,No,3D,0.00
200,19:48:54.000 08/02/2024,41.88730533,-87.65902867,183.000,149.200,0.9,1.4,16,,Yes,No,3D,0.00
201,19:48:55.000 08/02/2024,41.88731600,-87.65902800,183.000,149.200,0.9,1.4,16,,Yes,No,3D,0.00
202,19:48:56.000 08/02/2024,41.88732617,-87.65902583,183.100,149.300,0.9,1.4,16,,Yes,No,3D,0.00
203,19:48:57.000 08/02/2024,41.88733383,-87.65902000,183.100,149.300,0.9,1.4,16,,Yes,No,3D,0.00
204,19:48:58.000 08/02/2024,41.88733733,-87.65901567,183.100,149.300,0.9,1.4,16,,Yes,Yes,3D,0.00
205,19:48:59.000 08/02/2024,41.88733833,-87.65901367,183.100,149.300,0.9,1.4,16,,Yes,Yes,3D,0.00
206,19:49:00.000 08/02/2024,41.88733783,-87.65901250,183.200,149.400,0.9,1.4,16,,Yes,No,3D,0.00
207,19:49:01.000 08/02/2024,41.88733700,-87.65901050,183.100,149.300,0.9,1.4,16,,Yes,No,3D,0.00
208,19:49:02.000 08/02/2024,41.88733717,-87.65900617,183.100,149.300,0.9,1.4,16,,Yes,No,3D,0.00
209,19:49:03.000 08/02/2024,41.88733850,-87.65900100,183.100,149.300,0.9,1.4,16,,Yes,No,3D,0.00
210,19:49:04.000 08/02/2024,41.88733783,-87.65899500,183.000,149.200,0.9,1.4,16,,Yes,Yes,3D,0.00
211,19:49:05.000 08/02/2024,41.88733867,-87.65898867,183.000,149.200,0.9,1.4,16,,Yes,Yes,3D,0.00
212,19:49:06.000 08/02/2024,41.88734050,-87.65897933,183.200,149.400,0.9,1.4,16,,Yes,Yes,3D,0.00
213,19:49:07.000 08/02/2024,41.88734133,-87.65896950,183.600,149.800,0.9,1.4,16,,Yes,Yes,3D,0.00
214,19:49:08.000 08/02/2024,41.88734217,-87.65895850,183.600,149.800,0.9,1.4,16,,Yes,Yes,3D,0.00
215,19:49:09.000 08/02/2024,41.88734333,-87.65894533,183.500,149.700,0.9,1.4,16,,Yes,No,3D,0.00
216,19:49:10.000 08/02/2024,41.88734733,-87.65893367,183.400,149.600,0.9,1.4,16,,Yes,Yes,3D,0.00
217,19:49:11.000 08/02/2024,41.88735583,-87.65892350,183.400,149.600,0.9,1.4,16,,Yes,Yes,3D,0.00
218,19:49:12.000 08/02/2024,41.88736450,-87.65891000,183.500,149.700,0.9,1.4,16,,Yes,No,3D,0.00
219,19:49:13.000 08/02/2024,41.88737267,-87.65889633,183.500,149.700,0.9,1.4,16,,Yes,Yes,3D,0.00
220,19:49:14.000 08/02/2024,41.88738100,-87.65888567,183.400,149.600,0.9,1.5,16,,Yes,Yes,3D,0.00
221,19:49:15.000 08/02/2024,41.88738650,-87.65887833,183.400,149.600,0.9,1.5,16,,Yes,No,3D,0.00
222,19:49:16.000 08/02/2024,41.88739267,-87.65887383,183.700,149.900,0.9,1.4,16,,Yes,No,3D,0.00
223,19:49:17.000 08/02/2024,41.88740017,-87.65887833,183.500,149.700,0.9,1.6,16,,Yes,No,3D,0.00
224,19:49:18.000 08/02/2024,41.88740767,-87.65888983,183.300,149.500,0.9,1.6,17,,Yes,No,3D,0.00
225,19:49:19.000 08/02/2024,41.88741200,-87.65890467,183.200,149.400,0.9,1.4,17,,Yes,No,3D,0.00
226,19:49:20.000 08/02/2024,41.88741317,-87.65892167,183.200,149.400,0.9,1.5,17,,Yes,No,3D,0.00
227,19:49:21.000 08/02/2024,41.88741217,-87.65893733,183.300,149.500,0.8,1.4,17,,Yes,No,3D,0.00
228,19:49:22.000 08/02/2024,41.88740967,-87.65895067,183.200,149.400,0.8,1.4,17,,Yes,No,3D,0.00
229,19:49:23.000 08/02/2024,41.88740667,-87.65896167,183.400,149.600,0.8,1.3,17,,Yes,No,3D,0.00
230,19:49:24.000 08/02/2024,41.88740317,-87.65897300,183.500,149.700,0.8,1.3,17,,Yes,No,3D,0.00
231,19:49:25.000 08/02/2024,41.88740083,-87.65898650,183.700,149.900,0.8,1.4,17,,Yes,No,3D,0.00
232,19:49:26.000 08/02/2024,41.88740067,-87.65900150,183.500,149.700,0.8,1.3,17,,Yes,No,3D,0.00
233,19:49:27.000 08/02/2024,41.88740333,-87.65901400,183.500,149.700,0.8,1.3,17,,Yes,No,3D,0.00
234,19:49:28.000 08/02/2024,41.88741067,-87.65902133,183.500,149.700,0.8,1.3,17,,Yes,No,3D,0.00
235,19:49:29.000 08/02/2024,41.88742050,-87.65902467,183.600,149.800,0.8,1.3,17,,Yes,No,3D,0.00
236,19:49:30.000 08/02/2024,41.88743100,-87.65902750,183.600,149.800,0.8,1.3,17,,Yes,No,3D,0.00
237,19:49:31.000 08/02/2024,41.88744117,-87.65902867,183.600,149.800,0.9,1.4,14,,Yes,No,3D,0.00
238,19:49:32.000 08/02/2024,41.88745117,-87.65902817,183.500,149.700,0.9,1.4,14,,Yes,No,3D,0.00
239,19:49:33.000 08/02/2024,41.88746100,-87.65902800,183.400,149.600,0.9,1.3,15,,Yes,No,3D,0.00
240,19:49:34.000 08/02/2024,41.88747083,-87.65902683,183.200,149.400,0.9,1.4,14,,Yes,No,3D,0.00
241,19:49:35.000 08/02/2024,41.88748100,-87.65902700,183.300,149.500,0.9,1.4,16,,Yes,No,3D,0.00
242,19:49:36.000 08/02/2024,41.88749117,-87.65902767,183.200,149.400,0.9,1.4,16,,Yes,No,3D,0.00
243,19:49:37.000 08/02/2024,41.88750133,-87.65902817,183.200,149.400,0.9,1.4,16,,Yes,No,3D,0.00
244,19:49:38.000 08/02/2024,41.88751217,-87.65902900,183.100,149.300,1.0,1.6,15,,Yes,No,3D,0.00
245,19:49:39.000 08/02/2024,41.88752283,-87.65902967,182.900,149.100,1.0,1.6,15,,Yes,No,3D,0.00
246,19:49:40.000 08/02/2024,41.88753383,-87.65903067,182.900,149.100,1.0,1.6,15,,Yes,No,3D,0.00
247,19:49:41.000 08/02/2024,41.88754483,-87.65903117,182.900,149.100,1.0,1.6,15,,Yes,No,3D,0.00
248,19:49:42.000 08/02/2024,41.88755583,-87.65903083,182.900,149.100,1.0,1.6,15,,Yes,No,3D,0.00
249,19:49:43.000 08/02/2024,41.88756667,-87.65902950,183.000,149.200,1.0,1.6,15,,Yes,No,3D,0.00
250,19:49:44.000 08/02/2024,41.88757667,-87.65902750,183.000,149.200,1.0,1.6,15,,Yes,No,3D,0.00
251,19:49:45.000 08/02/2024,41.88758667,-87.65902650,183.200,149.400,1.0,1.6,15,,Yes,Yes,3D,0.00
252,19:49:46.000 08/02/2024,41.88759633,-87.65902717,183.100,149.300,0.9,1.4,16,,Yes,Yes,3D,0.00
253,19:49:47.000 08/02/2024,41.88760500,-87.65902367,183.200,149.400,0.9,1.4,16,,Yes,Yes,3D,0.00
254,19:49:48.000 08/02/2024,41.88761200,-87.65901833,183.300,149.500,0.9,1.4,16,,Yes,No,3D,0.00
255,19:49:49.000 08/02/2024,41.88761800,-87.65901333,183.300,149.500,0.9,1.4,16,,Yes,No,3D,0.00
256,19:49:50.000 08/02/2024,41.88762183,-87.65901017,183.200,149.400,0.9,1.4,16,,Yes,No,3D,0.00
257,19:49:51.000 08/02/2024,41.88762317,-87.65900933,183.200,149.400,0.9,1.4,16,,Yes,No,3D,0.00
258,19:49:52.000 08/02/2024,41.88762283,-87.65900683,183.200,149.400,0.9,1.4,16,,Yes,No,3D,0.00
259,19:49:53.000 08/02/2024,41.88762200,-87.65900517,183.100,149.300,0.9,1.4,16,,Yes,No,3D,0.00
260,19:49:54.000 08/02/2024,41.88762250,-87.65900633,183.100,149.300,0.9,1.4,16,,Yes,No,3D,0.00
261,19:49:55.000 08/02/2024,41.88762350,-87.65900900,183.100,149.300,0.9,1.4,16,,Yes,No,3D,0.00
262,19:49:56.000 08/02/2024,41.88762400,-87.65901067,183.100,149.300,0.9,1.4,16,,Yes,No,3D,0.00
263,19:49:57.000 08/02/2024,41.88762367,-87.65901150,183.100,149.300,0.9,1.4,16,,Yes,No,3D,0.00
264,19:49:58.000 08/02/2024,41.88762283,-87.65901117,183.000,149.200,0.9,1.4,16,,Yes,No,3D,0.00
265,19:49:59.000 08/02/2024,41.88762233,-87.65901083,183.000,149.200,0.9,1.4,16,,Yes,No,3D,0.00
266,19:50:00.000 08/02/2024,41.88762217,-87.65901067,183.000,149.200,0.9,1.4,16,,Yes,Yes,3D,0.00
267,19:50:01.000 08/02/2024,41.88762417,-87.65901233,183.000,149.200,0.9,1.4,16,,Yes,No,3D,0.00
268,19:50:02.000 08/02/2024,41.88762583,-87.65901400,183.000,149.200,0.9,1.4,16,,Yes,No,3D,0.00
269,19:50:03.000 08/02/2024,41.88762633,-87.65901267,183.000,149.200,0.9,1.4,16,,Yes,No,3D,0.00
270,19:50:04.000 08/02/2024,41.88762150,-87.65901167,183.000,149.200,0.9,1.4,16,,Yes,No,3D,0.00
271,19:50:05.000 08/02/2024,41.88761500,-87.65901500,183.000,149.200,0.9,1.4,16,,Yes,No,3D,0.00
272,19:50:06.000 08/02/2024,41.88761017,-87.65902267,183.000,149.200,0.9,1.4,16,,Yes,No,3D,0.00
273,19:50:07.000 08/02/2024,41.88760800,-87.65903317,183.000,149.200,0.9,1.4,16,,Yes,No,3D,0.00
274,19:50:08.000 08/02/2024,41.88760700,-87.65904717,183.000,149.200,0.9,1.4,16,,Yes,No,3D,0.00
275,19:50:09.000 08/02/2024,41.88760650,-87.65906067,183.000,149.200,0.9,1.4,16,,Yes,No,3D,0.00
276,19:50:10.000 08/02/2024,41.88760600,-87.65907383,183.100,149.300,0.9,1.4,16,,Yes,No,3D,0.00
277,19:50:11.000 08/02/2024,41.88760567,-87.65908667,183.100,149.300,1.0,1.7,15,,Yes,No,3D,0.00
278,19:50:12.000 08/02/2024,41.88760550,-87.65910050,183.000,149.200,1.0,1.7,15,,Yes,No,3D,0.00
279,19:50:13.000 08/02/2024,41.88760533,-87.65911433,183.100,149.300,1.0,1.7,15,,Yes,No,3D,0.00
280,19:50:14.000 08/02/2024,41.88760567,-87.65912733,183.100,149.300,0.9,1.4,16,,Yes,No,3D,0.00
281,19:50:15.000 08/02/2024,41.88760633,-87.65913967,183.200,149.400,0.9,1.5,15,,Yes,No,3D,0.00
282,19:50:16.000 08/02/2024,41.88760600,-87.65915183,183.200,149.400,1.1,1.7,14,,Yes,No,3D,0.00
283,19:50:17.000 08/02/2024,41.88760567,-87.65916450,183.200,149.400,1.1,1.7,14,,Yes,Yes,3D,0.00
284,19:50:18.000 08/02/2024,41.88760500,-87.65917717,183.100,149.300,1.1,1.7,14,,Yes,Yes,3D,0.00
285,19:50:19.000 08/02/2024,41.88760917,-87.65919267,182.900,149.100,1.7,1.8,13,,Yes,Yes,3D,0.00
286,19:50:20.000 08/02/2024,41.88760983,-87.65920683,182.900,149.100,1.7,1.8,13,,Yes,Yes,3D,0.00
287,19:50:21.000 08/02/2024,41.88760850,-87.65922133,182.900,149.100,1.7,1.8,13,,Yes,Yes,3D,0.00
288,19:50:22.000 08/02/2024,41.88760833,-87.65923633,183.000,149.200,1.7,1.8,13,,Yes,No,3D,0.00
289,19:50:23.000 08/02/2024,41.88760867,-87.65925050,183.100,149.300,1.7,1.8,13,,Yes,Yes,3D,0.00
290,19:50:24.000 08/02/2024,41.88760683,-87.65926333,182.900,149.100,1.7,1.8,14,,Yes,No,3D,0.00
291,19:50:25.000 08/02/2024,41.88760617,-87.65927733,182.900,149.100,1.7,1.8,13,,Yes,No,3D,0.00
292,19:50:26.000 08/02/2024,41.88760767,-87.65929200,182.900,149.100,1.7,1.8,13,,Yes,No,3D,0.00
293,19:50:27.000 08/02/2024,41.88760767,-87.65930633,182.900,149.100,1.7,1.8,13,,Yes,No,3D,0.00
294,19:50:28.000 08/02/2024,41.88760733,-87.65932083,183.000,149.200,1.7,1.8,13,,Yes,No,3D,0.00
295,19:50:29.000 08/02/2024,41.88760700,-87.65933467,183.000,149.200,1.7,1.8,13,,Yes,No,3D,0.00
296,19:50:30.000 08/02/2024,41.88760617,-87.65934883,183.000,149.200,1.7,1.8,13,,Yes,No,3D,0.00
297,19:50:31.000 08/02/2024,41.88760633,-87.65936267,183.000,149.200,1.7,1.8,13,,Yes,No,3D,0.00
298,19:50:32.000 08/02/2024,41.88760517,-87.65937617,183.000,149.200,1.7,1.8,13,,Yes,No,3D,0.00
299,19:50:33.000 08/02/2024,41.88760467,-87.65939067,183.000,149.200,1.7,1.8,13,,Yes,No,3D,0.00
300,19:50:34.000 08/02/2024,41.88760433,-87.65940517,183.000,149.200,1.7,1.8,13,,Yes,No,3D,0.00
301,19:50:35.000 08/02/2024,41.88760350,-87.65941967,182.900,149.100,1.7,1.8,13,,Yes,No,3D,0.00
302,19:50:36.000 08/02/2024,41.88760267,-87.65943450,183.000,149.200,1.7,1.8,13,,Yes,No,3D,0.00
303,19:50:37.000 08/02/2024,41.88760133,-87.65944833,183.100,149.300,1.7,1.8,13,,Yes,No,3D,0.00
304,19:50:38.000 08/02/2024,41.88760050,-87.65946200,183.100,149.300,1.7,1.8,13,,Yes,No,3D,0.00
305,19:50:39.000 08/02/2024,41.88760017,-87.65947650,183.200,149.400,1.7,1.8,13,,Yes,No,3D,0.00
306,19:50:40.000 08/02/2024,41.88759933,-87.65949067,183.200,149.400,1.7,1.8,13,,Yes,No,3D,0.00
307,19:50:41.000 08/02/2024,41.88759850,-87.65950467,183.200,149.400,1.7,1.8,13,,Yes,No,3D,0.00
308,19:50:42.000 08/02/2024,41.88759767,-87.65951867,183.300,149.500,1.7,1.8,13,,Yes,No,3D,0.00
309,19:50:43.000 08/02/2024,41.88759683,-87.65953350,183.300,149.500,1.7,1.8,13,,Yes,No,3D,0.00
310,19:50:44.000 08/02/2024,41.88759733,-87.65954883,183.300,149.500,1.7,1.8,13,,Yes,No,3D,0.00
311,19:50:45.000 08/02/2024,41.88759800,-87.65956317,183.300,149.500,1.7,1.8,13,,Yes,No,3D,0.00
312,19:50:46.000 08/02/2024,41.88759833,-87.65957767,183.300,149.500,1.7,1.8,13,,Yes,No,3D,0.00
313,19:50:47.000 08/02/2024,41.88759783,-87.65959217,183.300,149.500,1.7,1.8,13,,Yes,No,3D,0.00
314,19:50:48.000 08/02/2024,41.88759683,-87.65960717,183.300,149.500,1.7,1.8,13,,Yes,No,3D,0.00
315,19:50:49.000 08/02/2024,41.88759467,-87.65962167,183.200,149.400,1.7,1.8,13,,Yes,No,3D,0.00
316,19:50:50.000 08/02/2024,41.88759317,-87.65963633,183.300,149.500,1.7,1.8,13,,Yes,No,3D,0.00
317,19:50:51.000 08/02/2024,41.88759200,-87.65965183,183.200,149.400,1.7,1.8,13,,Yes,No,3D,0.00
318,19:50:52.000 08/02/2024,41.88759167,-87.65966683,183.300,149.500,1.7,1.8,13,,Yes,No,3D,0.00
319,19:50:53.000 08/02/2024,41.88759133,-87.65968183,183.400,149.600,1.7,1.8,13,,Yes,No,3D,0.00
320,19:50:54.000 08/02/2024,41.88759117,-87.65969617,183.300,149.500,1.7,1.8,13,,Yes,No,3D,0.00
321,19:50:55.000 08/02/2024,41.88759083,-87.65971117,183.300,149.500,1.7,1.8,13,,Yes,No,3D,0.00
322,19:50:56.000 08/02/2024,41.88759117,-87.65972567,183.300,149.500,1.7,1.8,13,,Yes,No,3D,0.00
323,19:50:57.000 08/02/2024,41.88759117,-87.65974033,183.100,149.300,1.7,1.8,13,,Yes,No,3D,0.00
324,19:50:58.000 08/02/2024,41.88759100,-87.65975500,183.100,149.300,1.7,1.8,13,,Yes,No,3D,0.00
325,19:50:59.000 08/02/2024,41.88759100,-87.65976933,183.100,149.300,1.7,1.8,13,,Yes,No,3D,0.00
326,19:51:00.000 08/02/2024,41.88759067,-87.65978317,183.000,149.200,1.7,1.8,13,,Yes,No,3D,0.00
327,19:51:01.000 08/02/2024,41.88759017,-87.65979717,183.000,149.200,1.7,1.8,13,,Yes,No,3D,0.00
328,19:51:02.000 08/02/2024,41.88758983,-87.65981133,183.000,149.200,1.7,1.8,13,,Yes,No,3D,0.00
329,19:51:03.000 08/02/2024,41.88758933,-87.65982467,183.000,149.200,1.7,1.8,13,,Yes,No,3D,0.00
330,19:51:04.000 08/02/2024,41.88758833,-87.65983883,183.000,149.200,1.7,1.8,13,,Yes,No,3D,0.00
331,19:51:05.000 08/02/2024,41.88758833,-87.65985450,182.900,149.100,1.7,1.8,13,,Yes,No,3D,0.00
332,19:51:06.000 08/02/2024,41.88758833,-87.65987033,182.900,149.100,1.7,1.8,13,,Yes,No,3D,0.00
333,19:51:07.000 08/02/2024,41.88758850,-87.65988650,183.000,149.200,1.7,1.8,13,,Yes,No,3D,0.00
334,19:51:08.000 08/02/2024,41.88758850,-87.65990217,183.000,149.200,1.7,1.8,14,,Yes,No,3D,0.00
335,19:51:09.000 08/02/2024,41.88758867,-87.65991783,183.000,149.200,1.7,1.8,14,,Yes,No,3D,0.00
336,19:51:10.000 08/02/2024,41.88758833,-87.65993317,183.000,149.200,1.7,1.8,14,,Yes,No,3D,0.00
337,19:51:11.000 08/02/2024,41.88758850,-87.65994767,183.000,149.200,1.7,1.8,14,,Yes,No,3D,0.00
338,19:51:12.000 08/02/2024,41.88758917,-87.65996183,182.900,149.100,1.7,1.8,14,,Yes,No,3D,0.00
339,19:51:13.000 08/02/2024,41.88758983,-87.65997717,182.900,149.100,1.6,1.7,14,,Yes,No,3D,0.00
340,19:51:14.000 08/02/2024,41.88758950,-87.65999250,182.900,149.100,1.6,1.7,14,,Yes,No,3D,0.00
341,19:51:15.000 08/02/2024,41.88758900,-87.66000800,182.900,149.100,1.6,1.7,14,,Yes,No,3D,0.00
342,19:51:16.000 08/02/2024,41.88758917,-87.66002417,183.000,149.200,1.6,1.7,14,,Yes,No,3D,0.00
343,19:51:17.000 08/02/2024,41.88758933,-87.66003983,183.000,149.200,1.6,1.7,14,,Yes,No,3D,0.00
344,19:51:18.000 08/02/2024,41.88758900,-87.66005533,183.000,149.200,1.6,1.7,14,,Yes,No,3D,0.00
345,19:51:19.000 08/02/2024,41.88758883,-87.66007067,183.100,149.300,1.6,1.7,14,,Yes,No,3D,0.00
346,19:51:20.000 08/02/2024,41.88758850,-87.66008550,183.000,149.200,1.6,1.7,14,,Yes,Yes,3D,0.00
347,19:51:21.000 08/02/2024,41.88758867,-87.66010050,182.900,149.100,1.6,1.7,14,,Yes,Yes,3D,0.00
348,19:51:22.000 08/02/2024,41.88758917,-87.66011667,183.100,149.300,1.6,1.7,14,,Yes,No,3D,0.00
349,19:51:23.000 08/02/2024,41.88758900,-87.66013200,183.200,149.400,1.6,1.7,14,,Yes,Yes,3D,0.00
350,19:51:24.000 08/02/2024,41.88758750,-87.66014750,183.100,149.300,1.6,1.7,14,,Yes,Yes,3D,0.00
351,19:51:25.000 08/02/2024,41.88758683,-87.66016183,182.900,149.100,1.6,1.7,14,,Yes,No,3D,0.00
352,19:51:26.000 08/02/2024,41.88758633,-87.66017683,183.100,149.300,1.6,1.7,14,,Yes,Yes,3D,0.00
353,19:51:27.000 08/02/2024,41.88758617,-87.66019200,183.200,149.400,1.6,1.7,14,,Yes,Yes,3D,0.00
354,19:51:28.000 08/02/2024,41.88758500,-87.66020717,183.300,149.500,1.6,1.7,14,,Yes,Yes,3D,0.00
355,19:51:29.000 08/02/2024,41.88758617,-87.66022200,183.000,149.200,1.6,1.7,14,,Yes,Yes,3D,0.00
356,19:51:30.000 08/02/2024,41.88758433,-87.66023767,183.100,149.300,1.6,1.7,14,,Yes,Yes,3D,0.00
357,19:51:31.000 08/02/2024,41.88758150,-87.66025417,182.600,148.800,1.6,1.7,14,,Yes,No,3D,0.00
358,19:51:32.000 08/02/2024,41.88758367,-87.66026850,182.600,148.800,1.6,1.7,14,,Yes,No,3D,0.00
359,19:51:33.000 08/02/2024,41.88758267,-87.66028367,182.900,149.100,1.6,1.7,14,,Yes,No,3D,0.00
360,19:51:34.000 08/02/2024,41.88758233,-87.66029900,183.000,149.200,1.6,1.7,14,,Yes,No,3D,0.00
361,19:51:35.000 08/02/2024,41.88758200,-87.66031417,183.000,149.200,1.6,1.7,14,,Yes,Yes,3D,0.00
362,19:51:36.000 08/02/2024,41.88758183,-87.66032900,183.000,149.200,1.6,1.7,14,,Yes,Yes,3D,0.00
363,19:51:37.000 08/02/2024,41.88758067,-87.66034533,183.000,149.200,1.6,1.7,14,,Yes,No,3D,0.00
364,19:51:38.000 08/02/2024,41.88757800,-87.66036267,183.300,149.500,1.6,1.7,14,,Yes,Yes,3D,0.00
365,19:51:39.000 08/02/2024,41.88757750,-87.66037850,183.300,149.500,1.6,1.7,14,,Yes,Yes,3D,0.00
366,19:51:40.000 08/02/2024,41.88757833,-87.66039267,183.300,149.500,1.6,1.7,14,,Yes,No,3D,0.00
367,19:51:41.000 08/02/2024,41.88757850,-87.66040717,183.400,149.600,1.6,1.7,14,,Yes,No,3D,0.00
368,19:51:42.000 08/02/2024,41.88757817,-87.66042200,183.200,149.400,1.6,1.7,14,,Yes,No,3D,0.00
369,19:51:43.000 08/02/2024,41.88757733,-87.66043717,183.200,149.400,1.6,1.7,14,,Yes,No,3D,0.00
370,19:51:44.000 08/02/2024,41.88757733,-87.66045283,183.300,149.500,1.6,1.7,14,,Yes,Yes,3D,0.00
371,19:51:45.000 08/02/2024,41.88757650,-87.66046850,183.400,149.600,1.6,1.7,14,,Yes,Yes,3D,0.00
372,19:51:46.000 08/02/2024,41.88757683,-87.66048250,183.500,149.700,1.6,1.7,14,,Yes,No,3D,0.00
373,19:51:47.000 08/02/2024,41.88757733,-87.66049650,183.700,149.900,1.6,1.7,14,,Yes,Yes,3D,0.00
374,19:51:48.000 08/02/2024,41.88757683,-87.66051083,183.400,149.600,1.6,1.7,14,,Yes,Yes,3D,0.00
375,19:51:49.000 08/02/2024,41.88757600,-87.66052550,183.300,149.500,1.6,1.7,14,,Yes,Yes,3D,0.00
376,19:51:50.000 08/02/2024,41.88757683,-87.66054050,183.300,149.500,1.6,1.7,14,,Yes,No,3D,0.00
377,19:51:51.000 08/02/2024,41.88757217,-87.66055767,183.300,149.500,1.6,1.7,14,,Yes,Yes,3D,0.00
378,19:51:52.000 08/02/2024,41.88757133,-87.66057300,183.500,149.700,1.6,1.7,14,,Yes,Yes,3D,0.00
379,19:51:53.000 08/02/2024,41.88757167,-87.66058783,183.300,149.500,1.6,1.7,14,,Yes,Yes,3D,0.00
380,19:51:54.000 08/02/2024,41.88757233,-87.66060350,183.400,149.600,1.1,1.4,15,,Yes,Yes,3D,0.00
381,19:51:55.000 08/02/2024,41.88757300,-87.66061933,183.200,149.400,1.1,1.4,15,,Yes,Yes,3D,0.00
382,19:51:56.000 08/02/2024,41.88757150,-87.66063667,183.500,149.700,1.1,1.4,15,,Yes,Yes,3D,0.00
383,19:51:57.000 08/02/2024,41.88757017,-87.66065217,183.400,149.600,1.1,1.4,16,,Yes,No,3D,0.00
384,19:51:58.000 08/02/2024,41.88756917,-87.66066733,183.700,149.900,1.0,1.3,16,,Yes,Yes,3D,0.00
385,19:51:59.000 08/02/2024,41.88756933,-87.66068033,183.500,149.700,1.0,1.3,16,,Yes,Yes,3D,0.00
386,19:52:00.000 08/02/2024,41.88756667,-87.66069367,183.200,149.400,1.0,1.3,16,,Yes,Yes,3D,0.00
387,19:52:01.000 08/02/2024,41.88756067,-87.66070333,183.000,149.200,1.0,1.3,16,,Yes,Yes,3D,0.00
388,19:52:02.000 08/02/2024,41.88756267,-87.66071433,182.600,148.800,1.0,1.3,17,,Yes,No,3D,0.00
389,19:52:03.000 08/02/2024,41.88756317,-87.66072600,182.600,148.800,1.0,1.3,18,,Yes,No,3D,0.00
390,19:52:04.000 08/02/2024,41.88756050,-87.66073483,182.800,149.000,0.8,1.2,18,,Yes,No,3D,0.00
391,19:52:05.000 08/02/2024,41.88755650,-87.66073767,183.100,149.300,0.8,1.2,18,,Yes,Yes,3D,0.00
392,19:52:06.000 08/02/2024,41.88755550,-87.66073250,183.000,149.200,0.8,1.2,18,,Yes,Yes,3D,0.00
393,19:52:07.000 08/02/2024,41.88755950,-87.66072883,182.400,148.600,0.8,1.2,17,,Yes,No,3D,0.00
394,19:52:08.000 08/02/2024,41.88756483,-87.66072817,182.000,148.200,0.8,1.2,17,,Yes,No,3D,0.00
395,19:52:09.000 08/02/2024,41.88756900,-87.66073417,182.000,148.200,0.8,1.2,17,,Yes,No,3D,0.00
396,19:52:10.000 08/02/2024,41.88757033,-87.66074367,182.300,148.500,0.8,1.2,17,,Yes,No,3D,0.00
397,19:52:11.000 08/02/2024,41.88756533,-87.66075167,182.400,148.600,0.8,1.2,18,,Yes,No,3D,0.00
398,19:52:12.000 08/02/2024,41.88756050,-87.66075817,182.400,148.600,0.7,1.2,18,,Yes,Yes,3D,0.00
399,19:52:13.000 08/02/2024,41.88756700,-87.66076167,181.900,148.100,0.8,1.2,18,,Yes,Yes,3D,0.00
400,19:52:14.000 08/02/2024,41.88757800,-87.66076767,181.200,147.400,0.7,1.2,18,,Yes,Yes,3D,0.00
401,19:52:15.000 08/02/2024,41.88758717,-87.66077333,179.800,146.000,0.7,1.2,18,,Yes,Yes,3D,0.00
402,19:52:16.000 08/02/2024,41.88759050,-87.66077183,179.300,145.500,0.7,1.2,18,,Yes,Yes,3D,0.00
403,19:52:17.000 08/02/2024,41.88759233,-87.66076683,179.700,145.900,0.7,1.2,18,,Yes,Yes,3D,0.00
404,19:52:18.000 08/02/2024,41.88759333,-87.66075850,179.800,146.000,0.7,1.2,18,,Yes,No,3D,0.00
405,19:52:19.000 08/02/2024,41.88759333,-87.66075533,180.100,146.300,0.7,1.2,18,,Yes,No,3D,0.00
406,19:52:20.000 08/02/2024,41.88759400,-87.66075367,180.300,146.500,1.0,1.3,16,,Yes,No,3D,0.00
407,19:52:21.000 08/02/2024,41.88759400,-87.66075233,180.600,146.800,0.8,1.3,18,,Yes,No,3D,0.00
408,19:52:22.000 08/02/2024,41.88759483,-87.66075017,180.700,146.900,0.8,1.3,18,,Yes,No,3D,0.00
409,19:52:23.000 08/02/2024,41.88759633,-87.66074650,180.700,146.900,0.7,1.2,18,,Yes,No,3D,0.00
410,19:52:24.000 08/02/2024,41.88759917,-87.66074000,180.600,146.800,0.7,1.2,18,,Yes,No,3D,0.00
411,19:52:25.000 08/02/2024,41.88760233,-87.66073133,180.600,146.800,0.8,1.3,18,,Yes,No,3D,0.00
412,19:52:26.000 08/02/2024,41.88760500,-87.66072067,180.700,146.900,1.0,1.3,17,,Yes,No,3D,0.00
413,19:52:27.000 08/02/2024,41.88760633,-87.66070717,180.600,146.800,1.0,1.3,17,,Yes,No,3D,0.00
414,19:52:28.000 08/02/2024,41.88760483,-87.66069317,180.600,146.800,1.0,1.3,17,,Yes,No,3D,0.00
415,19:52:29.000 08/02/2024,41.88760217,-87.66068533,180.500,146.700,1.0,1.3,17,,Yes,No,3D,0.00
416,19:52:30.000 08/02/2024,41.88759817,-87.66068083,180.400,146.600,1.0,1.3,16,,Yes,Yes,3D,0.00
417,19:52:31.000 08/02/2024,41.88759717,-87.66068033,181.000,147.200,1.0,1.3,16,,Yes,No,3D,0.00
418,19:52:32.000 08/02/2024,41.88759833,-87.66068350,181.400,147.600,1.0,1.3,16,,Yes,Yes,3D,0.00
419,19:52:33.000 08/02/2024,41.88760033,-87.66068800,181.500,147.700,1.1,1.4,16,,Yes,No,3D,0.00
420,19:52:34.000 08/02/2024,41.88760033,-87.66069367,181.700,147.900,1.1,1.4,15,,Yes,No,3D,0.00
421,19:52:35.000 08/02/2024,41.88759967,-87.66070300,181.500,147.700,1.1,1.4,15,,Yes,No,3D,0.00
422,19:52:36.000 08/02/2024,41.88759933,-87.66071217,181.500,147.700,1.1,1.4,15,,Yes,No,3D,0.00
423,19:52:37.000 08/02/2024,41.88759817,-87.66071583,181.700,147.900,1.1,1.4,15,,Yes,No,3D,0.00
424,19:52:38.000 08/02/2024,41.88759817,-87.66071617,181.600,147.800,1.1,1.4,15,,Yes,No,3D,0.00
425,19:52:39.000 08/02/2024,41.88759083,-87.66071550,181.300,147.500,1.1,1.4,15,,Yes,No,3D,0.00
426,19:52:40.000 08/02/2024,41.88758350,-87.66072033,181.600,147.800,1.1,1.4,15,,Yes,Yes,3D,0.00
427,19:52:41.000 08/02/2024,41.88758383,-87.66072817,182.000,148.200,1.1,1.4,15,,Yes,Yes,3D,0.00
428,19:52:42.000 08/02/2024,41.88757450,-87.66073567,182.400,148.600,1.1,1.4,15,,Yes,Yes,3D,0.00
429,19:52:43.000 08/02/2024,41.88756617,-87.66074583,182.000,148.200,1.1,1.4,16,,Yes,Yes,3D,0.00
430,19:52:44.000 08/02/2024,41.88755483,-87.66075383,182.300,148.500,0.8,1.3,16,,Yes,Yes,3D,0.00
431,19:52:45.000 08/02/2024,41.88754283,-87.66076033,182.400,148.600,0.8,1.3,16,,Yes,No,3D,0.00
432,19:52:46.000 08/02/2024,41.88753000,-87.66076550,182.300,148.500,0.8,1.3,15,,Yes,No,3D,0.00
433,19:52:47.000 08/02/2024,41.88751617,-87.66076667,182.500,148.700,0.8,1.3,16,,Yes,No,3D,0.00
434,19:52:48.000 08/02/2024,41.88750300,-87.66076683,182.400,148.600,0.8,1.3,16,,Yes,No,3D,0.00
435,19:52:49.000 08/02/2024,41.88748983,-87.66076617,182.000,148.200,0.9,1.3,18,,Yes,No,3D,0.00
436,19:52:50.000 08/02/2024,41.88747633,-87.66076517,181.800,148.000,0.9,1.3,17,,Yes,No,3D,0.00
437,19:52:51.000 08/02/2024,41.88746283,-87.66076333,181.800,148.000,0.8,1.2,16,,Yes,No,3D,0.00
438,19:52:52.000 08/02/2024,41.88744983,-87.66076183,181.800,148.000,0.8,1.2,16,,Yes,Yes,3D,0.00
439,19:52:53.000 08/02/2024,41.88743833,-87.66075950,181.900,148.100,1.3,1.8,15,,Yes,Yes,3D,0.00
440,19:52:54.000 08/02/2024,41.88742617,-87.66075867,181.900,148.100,1.3,1.8,15,,Yes,No,3D,0.00
441,19:52:55.000 08/02/2024,41.88741450,-87.66075767,181.900,148.100,1.3,1.8,16,,Yes,No,3D,0.00
442,19:52:56.000 08/02/2024,41.88740417,-87.66075633,182.000,148.200,1.3,1.8,16,,Yes,Yes,3D,0.00
443,19:52:57.000 08/02/2024,41.88739217,-87.66075883,181.900,148.100,1.3,1.8,14,,Yes,Yes,3D,0.00
444,19:52:58.000 08/02/2024,41.88738233,-87.66075667,181.600,147.800,1.3,1.8,14,,Yes,Yes,3D,0.00
445,19:52:59.000 08/02/2024,41.88737167,-87.66075233,181.400,147.600,1.3,1.8,15,,Yes,Yes,3D,0.00
446,19:53:00.000 08/02/2024,41.88736267,-87.66074633,181.500,147.700,1.3,1.8,14,,Yes,Yes,3D,0.00
447,19:53:01.000 08/02/2024,41.88735267,-87.66074067,181.400,147.600,1.3,1.8,15,,Yes,Yes,3D,0.00
448,19:53:02.000 08/02/2024,41.88734050,-87.66074167,181.200,147.400,1.3,1.8,14,,Yes,No,3D,0.00
449,19:53:03.000 08/02/2024,41.88733133,-87.66073950,181.500,147.700,1.3,1.8,14,,Yes,Yes,3D,0.00
450,19:53:04.000 08/02/2024,41.88732017,-87.66073417,181.400,147.600,1.4,1.8,13,,Yes,Yes,3D,0.00
451,19:53:05.000 08/02/2024,41.88730950,-87.66073100,181.400,147.600,1.4,1.8,13,,Yes,Yes,3D,0.00
452,19:53:06.000 08/02/2024,41.88729900,-87.66073150,181.500,147.700,1.4,1.8,13,,Yes,No,3D,0.00
453,19:53:07.000 08/02/2024,41.88729083,-87.66072983,181.900,148.100,1.4,1.8,13,,Yes,No,3D,0.00
454,19:53:08.000 08/02/2024,41.88728300,-87.66072850,181.800,148.000,1.3,1.8,15,,Yes,No,3D,0.00
455,19:53:09.000 08/02/2024,41.88727567,-87.66072783,181.900,148.100,1.4,1.8,15,,Yes,No,3D,0.00
456,19:53:10.000 08/02/2024,41.88726833,-87.66072800,181.800,148.000,1.4,1.8,16,,Yes,No,3D,0.00
457,19:53:11.000 08/02/2024,41.88726200,-87.66072767,181.700,147.900,1.4,1.8,16,,Yes,No,3D,0.00
458,19:53:12.000 08/02/2024,41.88725500,-87.66072833,181.600,147.800,1.4,1.8,16,,Yes,No,3D,0.00
459,19:53:13.000 08/02/2024,41.88724617,-87.66072717,181.700,147.900,1.4,1.8,15,,Yes,No,3D,0.00
460,19:53:14.000 08/02/2024,41.88723750,-87.66072500,181.700,147.900,1.4,1.8,14,,Yes,No,3D,0.00
461,19:53:15.000 08/02/2024,41.88722883,-87.66072450,181.400,147.600,1.4,1.8,14,,Yes,Yes,3D,0.00
462,19:53:16.000 08/02/2024,41.88722033,-87.66072367,181.200,147.400,1.4,1.8,14,,Yes,Yes,3D,0.00
463,19:53:17.000 08/02/2024,41.88720983,-87.66072167,180.900,147.100,1.4,1.8,14,,Yes,Yes,3D,0.00
464,19:53:18.000 08/02/2024,41.88719967,-87.66071900,180.900,147.100,1.4,1.8,15,,Yes,No,3D,0.00
465,19:53:19.000 08/02/2024,41.88719000,-87.66071800,180.700,146.900,1.4,1.8,15,,Yes,No,3D,0.00
466,19:53:20.000 08/02/2024,41.88717783,-87.66072033,180.600,146.800,1.4,1.8,15,,Yes,No,3D,0.00
467,19:53:21.000 08/02/2024,41.88716483,-87.66072200,180.700,146.900,1.4,1.6,15,,Yes,No,3D,0.00
468,19:53:22.000 08/02/2024,41.88715417,-87.66072117,180.900,147.100,1.4,1.6,15,,Yes,No,3D,0.00
469,19:53:23.000 08/02/2024,41.88714367,-87.66071900,180.800,147.000,1.4,1.6,14,,Yes,No,3D,0.00
470,19:53:24.000 08/02/2024,41.88713233,-87.66071617,180.700,146.900,1.4,1.6,15,,Yes,No,3D,0.00
471,19:53:25.000 08/02/2024,41.88712300,-87.66071433,180.600,146.800,1.4,1.6,15,,Yes,Yes,3D,0.00
472,19:53:26.000 08/02/2024,41.88711283,-87.66071400,180.600,146.800,1.3,1.6,15,,Yes,No,3D,0.00
473,19:53:27.000 08/02/2024,41.88710367,-87.66071300,180.600,146.800,1.4,1.6,16,,Yes,No,3D,0.00
474,19:53:28.000 08/02/2024,41.88709467,-87.66071183,180.200,146.400,1.4,1.6,16,,Yes,Yes,3D,0.00
475,19:53:29.000 08/02/2024,41.88708383,-87.66071183,180.100,146.300,1.4,1.6,15,,Yes,Yes,3D,0.00
476,19:53:30.000 08/02/2024,41.88707117,-87.66071533,180.100,146.300,1.3,1.6,15,,Yes,No,3D,0.00
477,19:53:31.000 08/02/2024,41.88705950,-87.66071617,180.300,146.500,1.4,1.6,16,,Yes,No,3D,0.00
478,19:53:32.000 08/02/2024,41.88704717,-87.66071717,180.500,146.700,1.4,1.6,15,,Yes,No,3D,0.00
479,19:53:33.000 08/02/2024,41.88703533,-87.66071717,180.600,146.800,1.4,1.6,15,,Yes,No,3D,0.00
480,19:53:34.000 08/02/2024,41.88702483,-87.66071633,180.600,146.800,1.6,1.7,16,,Yes,No,3D,0.00
481,19:53:35.000 08/02/2024,41.88701383,-87.66071383,180.600,146.800,1.4,1.7,17,,Yes,No,3D,0.00
482,19:53:36.000 08/02/2024,41.88700217,-87.66071200,180.500,146.700,1.4,1.6,17,,Yes,No,3D,0.00
483,19:53:37.000 08/02/2024,41.88699033,-87.66071150,180.600,146.800,1.3,1.6,18,,Yes,No,3D,0.00
484,19:53:38.000 08/02/2024,41.88697817,-87.66071083,180.500,146.700,1.4,1.7,17,,Yes,No,3D,0.00
485,19:53:39.000 08/02/2024,41.88696567,-87.66071000,180.600,146.800,1.3,1.7,16,,Yes,No,3D,0.00
486,19:53:40.000 08/02/2024,41.88695317,-87.66070900,180.600,146.800,1.3,1.7,16,,Yes,No,3D,0.00
487,19:53:41.000 08/02/2024,41.88694083,-87.66070883,180.600,146.800,1.3,1.6,16,,Yes,No,3D,0.00
488,19:53:42.000 08/02/2024,41.88692867,-87.66070833,180.800,147.000,1.3,1.7,17,,Yes,No,3D,0.00
489,19:53:43.000 08/02/2024,41.88691667,-87.66070733,180.900,147.100,1.5,1.7,19,,Yes,Yes,3D,0.00
490,19:53:44.000 08/02/2024,41.88690483,-87.66070667,180.900,147.100,1.3,1.7,19,,Yes,No,3D,0.00
491,19:53:45.000 08/02/2024,41.88689283,-87.66070767,181.000,147.200,1.3,1.7,19,,Yes,No,3D,0.00
492,19:53:46.000 08/02/2024,41.88688050,-87.66070833,181.200,147.400,1.3,1.7,19,,Yes,No,3D,0.00
493,19:53:47.000 08/02/2024,41.88686883,-87.66070700,181.100,147.300,1.0,1.6,18,,Yes,No,3D,0.00
494,19:53:48.000 08/02/2024,41.88685750,-87.66070567,181.000,147.200,1.3,1.7,18,,Yes,No,3D,0.00
495,19:53:49.000 08/02/2024,41.88684517,-87.66070400,180.900,147.100,1.3,1.7,18,,Yes,No,3D,0.00
496,19:53:50.000 08/02/2024,41.88683317,-87.66070067,180.800,147.000,1.3,1.6,18,,Yes,No,3D,0.00
497,19:53:51.000 08/02/2024,41.88682100,-87.66069650,180.600,146.800,1.3,1.6,17,,Yes,No,3D,0.00
498,19:53:52.000 08/02/2024,41.88680850,-87.66069250,180.500,146.700,1.3,1.6,17,,Yes,No,3D,0.00
499,19:53:53.000 08/02/2024,41.88679600,-87.66068783,180.400,146.600,1.3,1.6,17,,Yes,No,3D,0.00
500,19:53:54.000 08/02/2024,41.88678467,-87.66068117,180.300,146.500,1.4,1.7,18,,Yes,No,3D,0.00
501,19:53:55.000 08/02/2024,41.88677617,-87.66067217,180.200,146.400,1.3,1.7,19,,Yes,Yes,3D,0.00
502,19:53:56.000 08/02/2024,41.88676983,-87.66066350,180.000,146.200,1.3,1.7,18,,Yes,No,3D,0.00
503,19:53:57.000 08/02/2024,41.88676567,-87.66065283,180.100,146.300,1.3,1.7,19,,Yes,Yes,3D,0.00
504,19:53:58.000 08/02/2024,41.88676083,-87.66063800,179.800,146.000,1.0,1.5,18,,Yes,Yes,3D,0.00
505,19:53:59.000 08/02/2024,41.88675600,-87.66062017,179.900,146.100,1.1,1.6,18,,Yes,Yes,3D,0.00
506,19:54:00.000 08/02/2024,41.88675333,-87.66060467,180.000,146.200,1.1,1.5,17,,Yes,Yes,3D,0.00
507,19:54:01.000 08/02/2024,41.88675100,-87.66059050,179.800,146.000,1.3,2.1,16,,Yes,Yes,3D,0.00
508,19:54:02.000 08/02/2024,41.88675033,-87.66057583,179.900,146.100,1.3,1.8,15,,Yes,Yes,3D,0.00
509,19:54:03.000 08/02/2024,41.88674700,-87.66056517,180.000,146.200,1.3,1.8,14,,Yes,Yes,3D,0.00
510,19:54:04.000 08/02/2024,41.88674750,-87.66054183,180.200,146.400,1.3,1.8,15,,Yes,No,3D,0.00
511,19:54:05.000 08/02/2024,41.88674783,-87.66052483,181.000,147.200,1.4,1.8,15,,Yes,No,3D,0.00
512,19:54:06.000 08/02/2024,41.88674633,-87.66050900,181.200,147.400,1.4,1.8,12,,Yes,Yes,3D,0.00
513,19:54:07.000 08/02/2024,41.88674400,-87.66049267,181.400,147.600,1.4,1.8,12,,Yes,Yes,3D,0.00
514,19:54:08.000 08/02/2024,41.88674183,-87.66047683,181.700,147.900,1.4,1.8,12,,Yes,Yes,3D,0.00
515,19:54:09.000 08/02/2024,41.88674317,-87.66046200,181.900,148.100,1.4,1.8,13,,Yes,Yes,3D,0.00
516,19:54:10.000 08/02/2024,41.88674367,-87.66044733,181.200,147.400,1.4,1.8,11,,Yes,Yes,3D,0.00
517,19:54:11.000 08/02/2024,41.88674250,-87.66043250,180.900,147.100,1.4,1.8,11,,Yes,Yes,3D,0.00
518,19:54:12.000 08/02/2024,41.88674317,-87.66041467,181.000,147.200,1.4,1.8,12,,Yes,No,3D,0.00
519,19:54:13.000 08/02/2024,41.88674383,-87.66039950,180.600,146.800,1.4,1.8,11,,Yes,No,3D,0.00
520,19:54:14.000 08/02/2024,41.88674433,-87.66038500,180.600,146.800,1.4,1.8,11,,Yes,No,3D,0.00
521,19:54:15.000 08/02/2024,41.88674533,-87.66037067,180.500,146.700,1.4,1.8,13,,Yes,Yes,3D,0.00
522,19:54:16.000 08/02/2024,41.88674667,-87.66035650,180.500,146.700,1.4,1.8,13,,Yes,Yes,3D,0.00
523,19:54:17.000 08/02/2024,41.88674700,-87.66034167,180.200,146.400,1.4,1.8,12,,Yes,No,3D,0.00
524,19:54:18.000 08/02/2024,41.88674750,-87.66032550,180.300,146.500,1.4,1.8,13,,Yes,No,3D,0.00
525,19:54:19.000 08/02/2024,41.88674733,-87.66031000,180.100,146.300,1.4,1.8,14,,Yes,Yes,3D,0.00
526,19:54:20.000 08/02/2024,41.88674767,-87.66029350,180.000,146.200,1.4,1.8,14,,Yes,No,3D,0.00
527,19:54:21.000 08/02/2024,41.88674917,-87.66027750,179.700,145.900,1.4,1.8,13,,Yes,Yes,3D,0.00
528,19:54:22.000 08/02/2024,41.88675017,-87.66026217,179.400,145.600,1.4,1.8,13,,Yes,No,3D,0.00
529,19:54:23.000 08/02/2024,41.88675083,-87.66024583,179.100,145.300,1.4,1.8,13,,Yes,No,3D,0.00
530,19:54:24.000 08/02/2024,41.88674983,-87.66022817,179.200,145.400,1.4,1.8,14,,Yes,No,3D,0.00
531,19:54:25.000 08/02/2024,41.88674950,-87.66021117,179.300,145.500,1.4,1.8,14,,Yes,No,3D,0.00
532,19:54:26.000 08/02/2024,41.88675000,-87.66019450,179.400,145.600,1.4,1.8,13,,Yes,Yes,3D,0.00
533,19:54:27.000 08/02/2024,41.88675033,-87.66017900,179.500,145.700,1.4,1.8,15,,Yes,Yes,3D,0.00
534,19:54:28.000 08/02/2024,41.88675017,-87.66016350,179.500,145.700,1.4,1.8,15,,Yes,No,3D,0.00
535,19:54:29.000 08/02/2024,41.88674967,-87.66014783,179.500,145.700,1.6,2.3,15,,Yes,No,3D,0.00
536,19:54:30.000 08/02/2024,41.88674900,-87.66013217,179.600,145.800,1.6,2.3,14,,Yes,Yes,3D,0.00
537,19:54:31.000 08/02/2024,41.88674900,-87.66011667,179.400,145.600,1.6,2.3,14,,Yes,No,3D,0.00
538,19:54:32.000 08/02/2024,41.88674883,-87.66010100,179.600,145.800,1.6,2.3,14,,Yes,No,3D,0.00
539,19:54:33.000 08/02/2024,41.88674867,-87.66008483,179.700,145.900,1.6,2.3,14,,Yes,No,3D,0.00
540,19:54:34.000 08/02/2024,41.88674867,-87.66007000,179.500,145.700,1.6,2.3,14,,Yes,No,3D,0.00
541,19:54:35.000 08/02/2024,41.88674917,-87.66005517,179.500,145.700,1.0,1.5,16,,Yes,No,3D,0.00
542,19:54:36.000 08/02/2024,41.88674833,-87.66004000,179.600,145.800,1.0,1.5,16,,Yes,No,3D,0.00
543,19:54:37.000 08/02/2024,41.88674800,-87.66002467,179.800,146.000,1.3,1.8,15,,Yes,Yes,3D,0.00
544,19:54:38.000 08/02/2024,41.88674917,-87.66000867,179.800,146.000,1.3,1.8,15,,Yes,No,3D,0.00
545,19:54:39.000 08/02/2024,41.88675100,-87.65999367,179.900,146.100,1.0,1.5,16,,Yes,Yes,3D,0.00
546,19:54:40.000 08/02/2024,41.88675233,-87.65997900,179.800,146.000,1.0,1.5,17,,Yes,No,3D,0.00
547,19:54:41.000 08/02/2024,41.88675267,-87.65996367,179.500,145.700,1.0,1.5,17,,Yes,No,3D,0.00
548,19:54:42.000 08/02/2024,41.88675250,-87.65994733,179.300,145.500,1.0,1.5,16,,Yes,No,3D,0.00
549,19:54:43.000 08/02/2024,41.88675283,-87.65993150,179.200,145.400,1.3,1.8,14,,Yes,No,3D,0.00
550,19:54:44.000 08/02/2024,41.88675417,-87.65991533,179.300,145.500,1.6,2.3,13,,Yes,No,3D,0.00
551,19:54:45.000 08/02/2024,41.88675633,-87.65990000,179.300,145.500,1.6,2.3,15,,Yes,No,3D,0.00
552,19:54:46.000 08/02/2024,41.88675717,-87.65988500,179.400,145.600,1.4,2.2,15,,Yes,No,3D,0.00
553,19:54:47.000 08/02/2024,41.88675767,-87.65986950,179.400,145.600,1.5,2.3,16,,Yes,No,3D,0.00
554,19:54:48.000 08/02/2024,41.88675783,-87.65985300,179.300,145.500,1.5,2.3,13,,Yes,No,3D,0.00
555,19:54:49.000 08/02/2024,41.88675950,-87.65983633,179.300,145.500,1.4,2.3,14,,Yes,No,3D,0.00
556,19:54:50.000 08/02/2024,41.88676067,-87.65982083,179.300,145.500,1.5,2.3,12,,Yes,No,3D,0.00
557,19:54:51.000 08/02/2024,41.88676133,-87.65980633,179.400,145.600,1.5,2.3,14,,Yes,No,3D,0.00
558,19:54:52.000 08/02/2024,41.88676267,-87.65979167,179.400,145.600,1.5,2.3,15,,Yes,No,3D,0.00
559,19:54:53.000 08/02/2024,41.88676467,-87.65977633,179.400,145.600,1.5,2.3,14,,Yes,No,3D,0.00
560,19:54:54.000 08/02/2024,41.88676650,-87.65976117,179.300,145.500,1.5,2.3,13,,Yes,No,3D,0.00
561,19:54:55.000 08/02/2024,41.88676750,-87.65974650,179.200,145.400,1.5,2.3,12,,Yes,No,3D,0.00
562,19:54:56.000 08/02/2024,41.88676850,-87.65973083,179.200,145.400,1.5,2.3,12,,Yes,No,3D,0.00
563,19:54:57.000 08/02/2024,41.88676867,-87.65971517,179.200,145.400,1.5,2.3,14,,Yes,Yes,3D,0.00
564,19:54:58.000 08/02/2024,41.88676883,-87.65969983,179.300,145.500,1.5,2.3,13,,Yes,No,3D,0.00
565,19:54:59.000 08/02/2024,41.88676900,-87.65968417,179.400,145.600,1.5,2.3,13,,Yes,Yes,3D,0.00
566,19:55:00.000 08/02/2024,41.88676883,-87.65966817,179.500,145.700,1.5,2.3,14,,Yes,No,3D,0.00
567,19:55:01.000 08/02/2024,41.88676883,-87.65965233,179.500,145.700,1.5,2.3,14,,Yes,Yes,3D,0.00
568,19:55:02.000 08/02/2024,41.88676900,-87.65963600,179.500,145.700,1.5,2.3,16,,Yes,No,3D,0.00
569,19:55:03.000 08/02/2024,41.88676900,-87.65962017,179.400,145.600,1.5,2.3,15,,Yes,No,3D,0.00
570,19:55:04.000 08/02/2024,41.88676933,-87.65960533,179.300,145.500,1.5,2.3,14,,Yes,Yes,3D,0.00
571,19:55:05.000 08/02/2024,41.88676850,-87.65958983,179.300,145.500,1.5,2.3,16,,Yes,Yes,3D,0.00
572,19:55:06.000 08/02/2024,41.88676817,-87.65957383,179.400,145.600,1.5,2.3,16,,Yes,No,3D,0.00
573,19:55:07.000 08/02/2024,41.88676867,-87.65955733,179.300,145.500,1.5,2.3,15,,Yes,No,3D,0.00
574,19:55:08.000 08/02/2024,41.88677000,-87.65954083,179.300,145.500,1.5,2.3,15,,Yes,No,3D,0.00
575,19:55:09.000 08/02/2024,41.88677150,-87.65952450,179.200,145.400,1.6,2.3,15,,Yes,No,3D,0.00
576,19:55:10.000 08/02/2024,41.88677167,-87.65950867,179.200,145.400,1.6,2.3,15,,Yes,No,3D,0.00
577,19:55:11.000 08/02/2024,41.88677300,-87.65949300,179.200,145.400,1.6,2.3,15,,Yes,Yes,3D,0.00
578,19:55:12.000 08/02/2024,41.88677200,-87.65947717,179.100,145.300,1.6,2.3,14,,Yes,No,3D,0.00
579,19:55:13.000 08/02/2024,41.88677217,-87.65946250,179.100,145.300,1.6,2.3,14,,Yes,Yes,3D,0.00
580,19:55:14.000 08/02/2024,41.88677217,-87.65944683,178.900,145.100,1.5,2.3,16,,Yes,Yes,3D,0.00
581,19:55:15.000 08/02/2024,41.88677183,-87.65943067,178.800,145.000,1.1,1.5,17,,Yes,Yes,3D,0.00
582,19:55:16.000 08/02/2024,41.88677217,-87.65941567,178.600,144.800,1.7,2.7,16,,Yes,Yes,3D,0.00
583,19:55:17.000 08/02/2024,41.88677250,-87.65939933,178.600,144.800,1.1,1.4,18,,Yes,Yes,3D,0.00
584,19:55:18.000 08/02/2024,41.88677200,-87.65938367,178.800,145.000,1.6,2.3,17,,Yes,Yes,3D,0.00
585,19:55:19.000 08/02/2024,41.88677150,-87.65936767,178.700,144.900,1.6,2.3,14,,Yes,Yes,3D,0.00
586,19:55:20.000 08/02/2024,41.88677100,-87.65935100,178.800,145.000,1.7,2.7,15,,Yes,No,3D,0.00
587,19:55:21.000 08/02/2024,41.88677133,-87.65933400,179.000,145.200,1.0,1.4,15,,Yes,No,3D,0.00
588,19:55:22.000 08/02/2024,41.88677117,-87.65931667,179.000,145.200,1.1,1.7,15,,Yes,Yes,3D,0.00
589,19:55:23.000 08/02/2024,41.88677167,-87.65930050,178.900,145.100,1.1,1.7,17,,Yes,Yes,3D,0.00
590,19:55:24.000 08/02/2024,41.88677233,-87.65928367,178.900,145.100,1.6,2.3,17,,Yes,No,3D,0.00
591,19:55:25.000 08/02/2024,41.88677383,-87.65926717,178.900,145.100,1.6,2.3,17,,Yes,Yes,3D,0.00
592,19:55:26.000 08/02/2024,41.88677400,-87.65925050,178.700,144.900,1.6,2.3,19,,Yes,Yes,3D,0.00
593,19:55:27.000 08/02/2024,41.88677483,-87.65923250,178.400,144.600,1.6,2.3,19,,Yes,Yes,3D,0.00
594,19:55:28.000 08/02/2024,41.88677400,-87.65921300,178.400,144.600,1.6,2.3,18,,Yes,Yes,3D,0.00
595,19:55:29.000 08/02/2024,41.88677383,-87.65919533,178.700,144.900,1.6,2.3,16,,Yes,No,3D,0.00
596,19:55:30.000 08/02/2024,41.88677333,-87.65917900,178.900,145.100,1.6,2.3,16,,Yes,No,3D,0.00
597,19:55:31.000 08/02/2024,41.88677200,-87.65916250,179.100,145.300,1.6,2.3,15,,Yes,No,3D,0.00
598,19:55:32.000 08/02/2024,41.88677083,-87.65914617,179.200,145.400,1.6,2.3,16,,Yes,Yes,3D,0.00
599,19:55:33.000 08/02/2024,41.88677050,-87.65913117,179.000,145.200,1.6,2.3,17,,Yes,No,3D,0.00
600,19:55:34.000 08/02/2024,41.88677033,-87.65911500,179.000,145.200,1.0,1.5,18,,Yes,No,3D,0.00
601,19:55:35.000 08/02/2024,41.88677117,-87.65909867,179.200,145.400,1.6,2.3,18,,Yes,No,3D,0.00
602,19:55:36.000 08/02/2024,41.88677250,-87.65908300,179.200,145.400,1.6,2.3,17,,Yes,Yes,3D,0.00
603,19:55:37.000 08/02/2024,41.88677367,-87.65906833,179.300,145.500,0.9,1.4,15,,Yes,Yes,3D,0.00
604,19:55:38.000 08/02/2024,41.88677300,-87.65905367,179.300,145.500,1.0,1.5,18,,Yes,No,3D,0.00
605,19:55:39.000 08/02/2024,41.88677483,-87.65903983,179.600,145.800,0.9,1.3,18,,Yes,No,3D,0.00
606,19:55:40.000 08/02/2024,41.88677883,-87.65902650,179.800,146.000,0.9,1.3,18,,Yes,No,3D,0.00
607,19:55:41.000 08/02/2024,41.88678517,-87.65901583,180.000,146.200,0.9,1.3,18,,Yes,No,3D,0.00
608,19:55:42.000 08/02/2024,41.88679200,-87.65900683,179.900,146.100,0.9,1.4,18,,Yes,Yes,3D,0.00
609,19:55:43.000 08/02/2024,41.88680083,-87.65899983,180.100,146.300,0.9,1.3,18,,Yes,Yes,3D,0.00
610,19:55:44.000 08/02/2024,41.88680967,-87.65899200,180.200,146.400,0.9,1.3,19,,Yes,Yes,3D,0.00
611,19:55:45.000 08/02/2024,41.88682000,-87.65899150,180.200,146.400,1.2,1.4,14,,Yes,Yes,3D,0.00
612,19:55:46.000 08/02/2024,41.88682983,-87.65899083,181.000,147.200,1.2,1.5,15,,Yes,Yes,3D,0.00
613,19:55:47.000 08/02/2024,41.88684050,-87.65899017,180.900,147.100,1.7,1.8,14,,Yes,Yes,3D,0.00
614,19:55:48.000 08/02/2024,41.88684783,-87.65899000,181.000,147.200,1.7,1.8,13,,Yes,Yes,3D,0.00
615,19:55:49.000 08/02/2024,41.88685333,-87.65898750,182.500,148.700,1.1,1.6,12,,Yes,Yes,3D,0.00
616,19:55:50.000 08/02/2024,41.88686217,-87.65898417,182.700,148.900,2.0,1.9,12,,Yes,Yes,3D,0.00
617,19:55:51.000 08/02/2024,41.88687250,-87.65898517,182.700,148.900,1.7,1.8,12,,Yes,Yes,3D,0.00
618,19:55:52.000 08/02/2024,41.88688283,-87.65899533,183.100,149.300,1.7,1.8,12,,Yes,Yes,3D,0.00
619,19:55:53.000 08/02/2024,41.88689100,-87.65899567,182.600,148.800,1.7,1.8,12,,Yes,Yes,3D,0.00
620,19:55:54.000 08/02/2024,41.88689983,-87.65899383,183.400,149.600,1.7,1.8,12,,Yes,Yes,3D,0.00
621,19:55:55.000 08/02/2024,41.88691117,-87.65899633,184.200,150.400,1.7,1.9,13,,Yes,Yes,3D,0.00
622,19:55:56.000 08/02/2024,41.88692250,-87.65900183,184.500,150.700,1.7,1.9,13,,Yes,Yes,3D,0.00
623,19:55:57.000 08/02/2024,41.88693033,-87.65900617,184.700,150.900,1.7,1.8,12,,Yes,Yes,3D,0.00
624,19:55:58.000 08/02/2024,41.88693917,-87.65900967,185.800,152.000,1.7,1.8,12,,Yes,Yes,3D,0.00
625,19:55:59.000 08/02/2024,41.88694817,-87.65901150,186.100,152.300,1.7,1.8,12,,Yes,No,3D,0.00
626,19:56:00.000 08/02/2024,41.88695300,-87.65902217,186.600,152.800,1.7,1.8,12,,Yes,No,3D,0.00
627,19:56:01.000 08/02/2024,41.88695200,-87.65902750,186.200,152.400,1.7,1.8,11,,Yes,Yes,3D,0.00
628,19:56:02.000 08/02/2024,41.88695250,-87.65902467,186.700,152.900,1.7,1.8,12,,Yes,Yes,3D,0.00
629,19:56:03.000 08/02/2024,41.88695317,-87.65902750,188.000,154.200,1.7,1.8,12,,Yes,Yes,3D,0.00
630,19:56:04.000 08/02/2024,41.88695450,-87.65902850,188.600,154.800,1.2,1.7,10,,Yes,Yes,3D,0.00
631,19:56:05.000 08/02/2024,41.88695650,-87.65903050,189.300,155.500,1.2,1.8,9,,Yes,Yes,3D,0.00
632,19:56:06.000 08/02/2024,41.88695933,-87.65903433,189.700,155.900,3.3,3.3,8,,Yes,Yes,3D,0.00
633,19:56:07.000 08/02/2024,41.88696133,-87.65903517,189.800,156.000,2.6,2.0,8,,Yes,Yes,3D,0.00
634,19:56:08.000 08/02/2024,41.88696133,-87.65903783,190.200,156.400,5.5,3.6,7,,Yes,Yes,3D,0.00
635,19:56:09.000 08/02/2024,41.88696133,-87.65903783,190.700,156.900,5.5,3.6,6,,No,No,3D,0.00
636,19:56:10.000 08/02/2024,,,,,56.5,38.8,5,,No,No,,0.00
637,19:56:11.000 08/02/2024,,,,,56.6,38.8,5,,No,No,,0.00
638,19:56:12.000 08/02/2024,,,,,100.0,100.0,0,,No,No,,0.00
639,19:56:13.000 08/02/2024,,,,,100.0,100.0,0,,No,No,,0.00
640,19:56:14.000 08/02/2024,,,,,100.0,100.0,0,,No,No,,0.00
641,19:56:15.000 08/02/2024,,,,,100.0,100.0,0,,No,No,,0.00
642,19:56:16.000 08/02/2024,,,,,100.0,100.0,0,,No,No,,0.00
643,19:56:17.000 08/02/2024,,,,,100.0,100.0,0,,No,No,,0.00
644,19:56:18.000 08/02/2024,,,,,100.0,100.0,0,,No,No,,0.00
645,19:56:19.000 08/02/2024,,,,,100.0,100.0,0,,No,No,,0.00
646,19:56:20.000 08/02/2024,,,,,100.0,100.0,0,,No,No,,0.00
647,19:56:21.000 08/02/2024,,,,,100.0,100.0,0,,No,No,,0.00
648,19:56:22.000 08/02/2024,,,,,100.0,100.0,0,,No,No,,0.00
649,19:56:23.000 08/02/2024,,,,,100.0,100.0,0,,No,No,,0.00
650,19:56:24.000 08/02/2024,,,,,100.0,100.0,0,,No,No,,0.00
651,19:56:25.000 08/02/2024,,,,,100.0,100.0,0,,No,No,,0.00
652,19:56:26.000 08/02/2024,,,,,100.0,100.0,0,,No,No,,0.00
653,19:56:27.000 08/02/2024,,,,,100.0,100.0,0,,No,No,,0.00
654,19:56:28.000 08/02/2024,,,,,100.0,100.0,0,,No,No,,0.00
655,19:56:29.000 08/02/2024,,,,,100.0,100.0,0,,No,No,,0.00
656,19:56:30.000 08/02/2024,,,,,100.0,100.0,0,,No,No,,0.00
657,19:56:31.000 08/02/2024,,,,,100.0,100.0,0,,No,No,,0.00
658,19:56:32.000 08/02/2024,,,,,100.0,100.0,0,,No,No,,0.00
659,19:56:33.000 08/02/2024,,,,,100.0,100.0,0,,No,No,,0.00
660,19:56:34.000 08/02/2024,,,,,100.0,100.0,0,,No,No,,0.00
661,19:56:35.000 08/02/2024,,,,,100.0,100.0,0,,No,No,,0.00
662,19:56:36.000 08/02/2024,,,,,100.0,100.0,0,,No,No,,0.00
663,19:56:37.000 08/02/2024,,,,,100.0,100.0,0,,No,No,,0.00
664,19:56:38.000 08/02/2024,,,,,100.0,100.0,0,,No,No,,0.00
665,19:56:39.000 08/02/2024,,,,,100.0,100.0,0,,No,No,,0.00
666,19:56:40.000 08/02/2024,,,,,100.0,100.0,0,,No,No,,0.00
667,19:56:41.000 08/02/2024,,,,,100.0,100.0,0,,No,No,,0.00
668,19:56:42.000 08/02/2024,,,,,100.0,100.0,0,,No,No,,0.00
669,19:56:43.000 08/02/2024,,,,,100.0,100.0,0,,No,No,,0.00
670,19:56:44.000 08/02/2024,,,,,100.0,100.0,0,,No,No,,0.00
671,19:56:45.000 08/02/2024,,,,,100.0,100.0,0,,No,No,,0.00
672,19:56:46.000 08/02/2024,,,,,100.0,100.0,0,,No,No,,0.00
673,19:56:47.000 08/02/2024,,,,,100.0,100.0,0,,No,No,,0.00
674,19:56:48.000 08/02/2024,,,,,100.0,100.0,0,,No,No,,0.00
675,19:56:49.000 08/02/2024,,,,,100.0,100.0,0,,No,No,,0.00
676,19:56:50.000 08/02/2024,,,,,100.0,100.0,0,,No,No,,0.00
677,19:56:51.000 08/02/2024,,,,,100.0,100.0,0,,No,No,,0.00
678,19:56:52.000 08/02/2024,,,,,100.0,100.0,0,,No,No,,0.00
679,19:56:53.000 08/02/2024,,,,,100.0,100.0,0,,No,No,,0.00
680,19:56:54.000 08/02/2024,,,,,100.0,100.0,0,,No,No,,0.00
681,19:56:55.000 08/02/2024,,,,,100.0,100.0,0,,No,No,,0.00
682,19:56:56.000 08/02/2024,,,,,100.0,100.0,0,,No,No,,0.00
683,19:56:57.000 08/02/2024,,,,,100.0,100.0,0,,No,No,,0.00
684,19:56:58.000 08/02/2024,,,,,100.0,100.0,0,,No,No,,0.00
685,19:56:59.000 08/02/2024,,,,,100.0,100.0,0,,No,No,,0.00
686,19:57:00.000 08/02/2024,,,,,100.0,100.0,0,,No,No,,0.00
687,19:57:01.000 08/02/2024,,,,,100.0,100.0,0,,No,No,,0.00
688,19:57:02.000 08/02/2024,,,,,100.0,100.0,0,,No,No,,0.00
689,19:57:03.000 08/02/2024,,,,,100.0,100.0,0,,No,No,,0.00
690,19:57:04.000 08/02/2024,,,,,100.0,100.0,0,,No,No,,0.00
691,19:57:05.000 08/02/2024,,,,,100.0,100.0,0,,No,No,,0.00
692,19:57:06.000 08/02/2024,,,,,100.0,100.0,0,,No,No,,0.00
693,19:57:07.000 08/02/2024,,,,,100.0,100.0,0,,No,No,,0.00
694,19:57:08.000 08/02/2024,,,,,100.0,100.0,0,,No,No,,0.00
695,19:57:09.000 08/02/2024,,,,,100.0,100.0,0,,No,No,,0.00
696,19:57:10.000 08/02/2024,,,,,100.0,100.0,0,,No,No,,0.00
697,19:57:11.000 08/02/2024,,,,,100.0,100.0,0,,No,No,,0.00
698,19:57:12.000 08/02/2024,,,,,100.0,100.0,0,,No,No,,0.00
699,19:57:13.000 08/02/2024,,,,,100.0,100.0,0,,No,No,,0.00
700,19:57:14.000 08/02/2024,,,,,100.0,100.0,0,,No,No,,0.00
701,19:57:15.000 08/02/2024,,,,,100.0,100.0,0,,No,No,,0.00
702,19:57:16.000 08/02/2024,,,,,100.0,100.0,0,,No,No,,0.00
703,19:57:17.000 08/02/2024,,,,,100.0,100.0,0,,No,No,,0.00
704,19:57:18.000 08/02/2024,,,,,100.0,100.0,0,,No,No,,0.00
705,19:57:19.000 08/02/2024,,,,,100.0,100.0,0,,No,No,,0.00
706,19:57:20.000 08/02/2024,,,,,100.0,100.0,0,,No,No,,0.00
707,19:57:21.000 08/02/2024,41.88672433,-87.65907950,,,2.7,1.0,5,,Yes,Yes,3D,0.00
708,19:57:22.000 08/02/2024,41.88669267,-87.65908633,186.300,152.500,3.4,3.9,6,,Yes,Yes,3D,0.00
709,19:57:23.000 08/02/2024,41.88668650,-87.65909483,185.000,151.200,3.5,4.0,5,,Yes,Yes,3D,0.00
710,19:57:24.000 08/02/2024,41.88666467,-87.65909383,189.600,155.800,4.8,6.4,5,,Yes,Yes,3D,0.00
711,19:57:25.000 08/02/2024,41.88664383,-87.65909950,195.000,161.200,4.8,6.4,5,,Yes,Yes,3D,0.00
712,19:57:26.000 08/02/2024,41.88662433,-87.65909850,200.100,166.300,4.8,6.4,5,,Yes,Yes,3D,0.00
713,19:57:27.000 08/02/2024,41.88660617,-87.65909400,204.700,170.900,4.8,6.4,5,,Yes,Yes,3D,0.00
714,19:57:28.000 08/02/2024,41.88662383,-87.65908500,207.200,173.400,4.8,6.4,5,,Yes,Yes,3D,0.00
715,19:57:29.000 08/02/2024,41.88665967,-87.65908400,210.800,177.000,4.8,6.4,5,,Yes,Yes,3D,0.00
716,19:57:30.000 08/02/2024,41.88668067,-87.65908033,213.000,179.200,4.8,6.4,5,,Yes,Yes,3D,0.00
717,19:57:31.000 08/02/2024,41.88670367,-87.65907367,214.600,180.800,4.8,6.4,5,,Yes,Yes,3D,0.00
718,19:57:32.000 08/02/2024,41.88672017,-87.65906867,217.600,183.800,4.8,6.4,5,,Yes,Yes,3D,0.00
719,19:57:33.000 08/02/2024,41.88672017,-87.65906867,220.000,186.200,4.8,6.4,5,,No,No,3D,0.00
720,19:57:34.000 08/02/2024,41.88673883,-87.65906633,,,100.0,100.0,0,,Yes,Yes,3D,0.00
721,19:57:35.000 08/02/2024,41.88675700,-87.65906883,220.600,186.800,4.8,6.4,5,,Yes,Yes,3D,0.00
722,19:57:36.000 08/02/2024,41.88678833,-87.65906600,220.200,186.400,4.8,6.4,5,,Yes,Yes,3D,0.00
723,19:57:37.000 08/02/2024,41.88678833,-87.65906600,221.900,188.100,4.8,6.4,5,,No,No,3D,0.00
724,19:57:38.000 08/02/2024,41.88682483,-87.65906117,,,100.0,100.0,0,,Yes,Yes,3D,0.00
725,19:57:39.000 08/02/2024,41.88682483,-87.65906117,224.900,191.100,4.8,6.4,5,,No,No,3D,0.00
726,19:57:40.000 08/02/2024,,,,,100.0,100.0,0,,No,No,,0.00
727,19:57:41.000 08/02/2024,,,,,100.0,100.0,0,,No,No,,0.00
728,19:57:42.000 08/02/2024,,,,,100.0,100.0,0,,No,No,,0.00
729,19:57:43.000 08/02/2024,,,,,100.0,100.0,0,,No,No,,0.00
730,19:57:44.000 08/02/2024,,,,,100.0,100.0,0,,No,No,,0.00
731,19:57:45.000 08/02/2024,,,,,100.0,100.0,0,,No,No,,0.00
732,19:57:46.000 08/02/2024,,,,,100.0,100.0,0,,No,No,,0.00
733,19:57:47.000 08/02/2024,,,,,100.0,100.0,0,,No,No,,0.00
734,19:57:48.000 08/02/2024,,,,,100.0,100.0,0,,No,No,,0.00
735,19:57:49.000 08/02/2024,,,,,100.0,100.0,0,,No,No,,0.00
736,19:57:50.000 08/02/2024,,,,,100.0,100.0,0,,No,No,,0.00
737,19:57:51.000 08/02/2024,,,,,100.0,100.0,0,,No,No,,0.00
738,19:57:52.000 08/02/2024,,,,,100.0,100.0,0,,No,No,,0.00
739,19:57:53.000 08/02/2024,,,,,100.0,100.0,0,,No,No,,0.00
740,19:57:54.000 08/02/2024,,,,,100.0,100.0,0,,No,No,,0.00
741,19:57:55.000 08/02/2024,,,,,100.0,100.0,0,,No,No,,0.00
742,19:57:56.000 08/02/2024,,,,,100.0,100.0,0,,No,No,,0.00
743,19:57:57.000 08/02/2024,,,,,100.0,100.0,0,,No,No,,0.00
744,19:57:58.000 08/02/2024,,,,,100.0,100.0,0,,No,No,,0.00
745,19:57:59.000 08/02/2024,,,,,100.0,100.0,0,,No,No,,0.00
746,19:58:00.000 08/02/2024,41.88709867,-87.65911717,,,2.7,1.0,5,,Yes,Yes,3D,0.00
747,19:58:01.000 08/02/2024,41.88708683,-87.65912117,218.900,185.100,4.8,6.2,6,,Yes,Yes,3D,0.00
748,19:58:02.000 08/02/2024,41.88707267,-87.65912533,215.700,181.900,4.8,6.2,6,,Yes,Yes,3D,0.00
749,19:58:03.000 08/02/2024,41.88706400,-87.65912700,214.400,180.600,4.8,6.2,6,,Yes,Yes,3D,0.00
750,19:58:04.000 08/02/2024,41.88707017,-87.65912333,212.400,178.600,4.8,6.2,6,,Yes,Yes,3D,0.00
751,19:58:05.000 08/02/2024,41.88706667,-87.65912550,213.800,180.000,4.8,6.2,6,,Yes,Yes,3D,0.00
752,19:58:06.000 08/02/2024,41.88705433,-87.65913300,212.700,178.900,4.8,6.2,6,,Yes,No,3D,0.00
753,19:58:07.000 08/02/2024,41.88703600,-87.65912867,212.300,178.500,3.8,5.5,5,,Yes,No,3D,0.00
754,19:58:08.000 08/02/2024,41.88701050,-87.65912850,209.800,176.000,3.8,5.5,5,,Yes,No,3D,0.00
755,19:58:09.000 08/02/2024,41.88700983,-87.65912250,208.100,174.300,3.8,5.5,5,,Yes,No,3D,0.00
756,19:58:10.000 08/02/2024,41.88700150,-87.65911933,209.500,175.700,3.8,5.5,5,,Yes,No,3D,0.00
757,19:58:11.000 08/02/2024,41.88698233,-87.65912617,210.500,176.700,3.8,5.5,5,,Yes,No,3D,0.00
758,19:58:12.000 08/02/2024,41.88696817,-87.65912233,208.800,175.000,3.8,5.5,5,,Yes,No,3D,0.00
759,19:58:13.000 08/02/2024,41.88696667,-87.65911733,208.300,174.500,3.8,5.5,5,,Yes,No,3D,0.00
760,19:58:14.000 08/02/2024,41.88695983,-87.65911867,210.400,176.600,3.8,5.5,5,,Yes,No,3D,0.00
761,19:58:15.000 08/02/2024,41.88695983,-87.65911867,212.000,178.200,3.8,5.5,5,,No,No,3D,0.00
762,19:58:16.000 08/02/2024,,,,,100.0,100.0,0,,No,No,,0.00
763,19:58:17.000 08/02/2024,,,,,100.0,100.0,0,,No,No,,0.00
764,19:58:18.000 08/02/2024,,,,,100.0,100.0,0,,No,No,,0.00
765,19:58:19.000 08/02/2024,41.88694350,-87.65914433,,,100.0,100.0,0,,Yes,Yes,3D,0.00
766,19:58:20.000 08/02/2024,41.88693350,-87.65914017,208.900,175.100,4.9,6.2,6,,Yes,No,3D,0.00
767,19:58:21.000 08/02/2024,41.88694100,-87.65915350,208.100,174.300,3.8,5.4,5,,Yes,Yes,3D,0.00
768,19:58:22.000 08/02/2024,41.88695650,-87.65916383,207.100,173.300,4.9,6.2,6,,Yes,Yes,3D,0.00
769,19:58:23.000 08/02/2024,41.88695650,-87.65916383,204.100,170.300,4.9,6.2,6,,No,No,3D,0.00
770,19:58:24.000 08/02/2024,,,,,100.0,100.0,0,,No,No,,0.00
771,19:58:25.000 08/02/2024,41.88691467,-87.65917383,,,100.0,100.0,0,,Yes,Yes,3D,0.00
772,19:58:26.000 08/02/2024,41.88689683,-87.65918117,195.300,161.500,4.2,4.1,6,,Yes,Yes,3D,0.00
773,19:58:27.000 08/02/2024,41.88689683,-87.65918117,193.300,159.500,9.4,4.8,7,,No,No,3D,0.00
774,19:58:28.000 08/02/2024,,,,,100.0,100.0,0,,No,No,,0.00
775,19:58:29.000 08/02/2024,,,,,100.0,100.0,0,,No,No,,0.00
776,19:58:30.000 08/02/2024,,,,,100.0,100.0,0,,No,No,,0.00
777,19:58:31.000 08/02/2024,41.88683383,-87.65919117,,,100.0,100.0,0,,Yes,No,3D,0.00
778,19:58:32.000 08/02/2024,41.88683383,-87.65919117,184.600,150.800,16.4,5.6,5,,No,No,3D,0.00
779,19:58:33.000 08/02/2024,,,,,100.0,100.0,0,,No,No,,0.00
780,19:58:34.000 08/02/2024,,,,,100.0,100.0,0,,No,No,,0.00
781,19:58:35.000 08/02/2024,,,,,100.0,100.0,0,,No,No,,0.00
782,19:58:36.000 08/02/2024,,,,,100.0,100.0,0,,No,No,,0.00
783,19:58:37.000 08/02/2024,,,,,100.0,100.0,0,,No,No,,0.00
784,19:58:38.000 08/02/2024,,,,,100.0,100.0,0,,No,No,,0.00
785,19:58:39.000 08/02/2024,41.88678433,-87.65917617,,,100.0,100.0,0,,Yes,No,3D,0.00
786,19:58:40.000 08/02/2024,41.88676850,-87.65918483,178.100,144.300,8.7,3.7,5,,Yes,Yes,3D,0.00
787,19:58:41.000 08/02/2024,41.88676850,-87.65918483,177.100,143.300,9.3,5.8,6,,No,No,3D,0.00
788,19:58:42.000 08/02/2024,,,,,100.0,100.0,0,,No,No,,0.00
789,19:58:43.000 08/02/2024,,,,,100.0,100.0,0,,No,No,,0.00
790,19:58:44.000 08/02/2024,,,,,100.0,100.0,0,,No,No,,0.00
791,19:58:45.000 08/02/2024,,,,,100.0,100.0,0,,No,No,,0.00
792,19:58:46.000 08/02/2024,41.88667467,-87.65920300,,,100.0,100.0,0,,Yes,No,3D,0.00
793,19:58:47.000 08/02/2024,41.88665133,-87.65920083,172.300,138.500,19.5,5.2,5,,Yes,No,3D,0.00
794,19:58:48.000 08/02/2024,41.88665133,-87.65920083,172.200,138.400,19.5,5.2,5,,No,No,3D,0.00
